Workbook

Sheet 2020
A1: Provinsi | B1: Kabupaten/Kota | C1: IPM | D1: IPG | E1: PPM | F1: PDRB_ADHK | G1: RLS | H1: AHH_L | I1: AHH_P | J1: GK | K1: PKKP | L1: TPT | M1: TPAK | N1: GR | O1: JP | Q1: RV
A2: DKI JAKARTA | B2: Kep. Seribu | C2: 71.63 | D2: 93.39 | E2: 14.87 | F2: 3706.25 | G2: 8.68 | H2: 66.67 | I2: 70.74 | J2: 661852 | K2: 2.86 | L2: 7.37 | M2: 60.7 | N2: 0.306 | O2: 27749 | Q2: =CORREL(C$2:C$42,C$2:C$42) -> 1 | R2: =CORREL(C$2:C$42,D$2:D$42) -> 0.7707225 | S2: =CORREL(C$2:C$42,E$2:E$42) -> -0.69640159 | T2: =CORREL(C$2:C$42,F$2:F$42) -> 0.64494491 | U2: =CORREL(C$2:C$42,G$2:G$42) -> 0.9626751 | V2: =CORREL(C$2:C$42,H$2:H$42) -> 0.65217837 | W2: =CORREL(C$2:C$42,I$2:I$42) -> 0.65118053 | X2: =CORREL(C$2:C$42,J$2:J$42) -> 0.84541092 | Y2: =CORREL(C$2:C$42,K$2:K$42) -> -0.70458464 | Z2: =CORREL(C$2:C$42,L$2:L$42) -> 0.23498053 | AA2: =CORREL(C$2:C$42,M$2:M$42) -> -0.24657195 | AB2: =CORREL(C$2:C$42,N$2:N$42) -> 0.53243255
A3: DKI JAKARTA | B3: Kota Jakarta Selatan | C3: 84.72 | D3: 96.14 | E3: 3.43 | F3: 419257.19 | G3: 11.63 | H3: 72.23 | I3: 76.04 | J3: 782731 | K3: 1.5 | L3: 10.79 | M3: 63.81 | N3: 0.427 | O3: 2226812 | Q3: =R2 -> 0.7707225 | R3: =CORREL(D$2:D$42,D$2:D$42) -> 1 | S3: =CORREL(D$2:D$42,E$2:E$42) -> -0.48205546 | T3: =CORREL(D$2:D$42,F$2:F$42) -> 0.48478429 | U3: =CORREL(D$2:D$42,G$2:G$42) -> 0.73134476 | V3: =CORREL(D$2:D$42,H$2:H$42) -> 0.39433983 | W3: =CORREL(D$2:D$42,I$2:I$42) -> 0.39385125 | X3: =CORREL(D$2:D$42,J$2:J$42) -> 0.65707633 | Y3: =CORREL(D$2:D$42,K$2:K$42) -> -0.5654964 | Z3: =CORREL(D$2:D$42,L$2:L$42) -> 0.086230032 | AA3: =CORREL(D$2:D$42,M$2:M$42) -> -0.1165227 | AB3: =CORREL(D$2:D$42,N$2:N$42) -> 0.36143844
A4: DKI JAKARTA | B4: Kota Jakarta Timur | C4: 82.66 | D4: 95.48 | E4: 4.16 | F4: 299515.16 | G4: 11.66 | H4: 72.6 | I4: 76.22 | J4: 581954 | K4: 2.18 | L4: 9.29 | M4: 61.98 | N4: 0.363 | O4: 3037139 | Q4: =S2 -> -0.69640159 | R4: =S3 -> -0.48205546 | S4: =CORREL(E$2:E$42,E$2:E$42) -> 1 | T4: =CORREL(E$2:E$42,F$2:F$42) -> -0.50484694 | U4: =CORREL(E$2:E$42,G$2:G$42) -> -0.70945541 | V4: =CORREL(E$2:E$42,H$2:H$42) -> -0.25953496 | W4: =CORREL(E$2:E$42,I$2:I$42) -> -0.25285961 | X4: =CORREL(E$2:E$42,J$2:J$42) -> -0.49471121 | Y4: =CORREL(E$2:E$42,K$2:K$42) -> 0.68505587 | Z4: =CORREL(E$2:E$42,L$2:L$42) -> -0.29591909 | AA4: =CORREL(E$2:E$42,M$2:M$42) -> 0.18782887 | AB4: =CORREL(E$2:E$42,N$2:N$42) -> -0.27070574
A5: DKI JAKARTA | B5: Kota Jakarta Pusat | C5: 81.39 | D5: 96 | E5: 4.51 | F5: 449518.14 | G5: 11.38 | H5: 72.22 | I5: 75.92 | J5: 672328 | K5: 1.97 | L5: 10.97 | M5: 63.73 | N5: 0.39 | O5: 1056896 | Q5: =T2 -> 0.64494491 | R5: =T3 -> 0.48478429 | S5: =T4 -> -0.50484694 | T5: =CORREL(F$2:F$42,F$2:F$42) -> 1 | U5: =CORREL(F$2:F$42,G$2:G$42) -> 0.55174514 | V5: =CORREL(F$2:F$42,H$2:H$42) -> 0.41150936 | W5: =CORREL(F$2:F$42,I$2:I$42) -> 0.4103952 | X5: =CORREL(F$2:F$42,J$2:J$42) -> 0.56977025 | Y5: =CORREL(F$2:F$42,K$2:K$42) -> -0.47488257 | Z5: =CORREL(F$2:F$42,L$2:L$42) -> 0.304137 | AA5: =CORREL(F$2:F$42,M$2:M$42) -> -0.097335432 | AB5: =CORREL(F$2:F$42,N$2:N$42) -> 0.40207041
A6: DKI JAKARTA | B6: Kota Jakarta Barat | C6: 81.38 | D6: 95.16 | E6: 4.25 | F6: 316172.61 | G6: 10.63 | H6: 71.72 | I6: 75.43 | J6: 557803 | K6: 1.78 | L6: 12.27 | M6: 64.37 | N6: 0.38 | O6: 2434511 | Q6: =U2 -> 0.9626751 | R6: =U3 -> 0.73134476 | S6: =U4 -> -0.70945541 | T6: =U5 -> 0.55174514 | U6: =CORREL(G$2:G$42,G$2:G$42) -> 1 | V6: =CORREL(G$2:G$42,H$2:H$42) -> 0.56126955 | W6: =CORREL(G$2:G$42,I$2:I$42) -> 0.55945797 | X6: =CORREL(G$2:G$42,J$2:J$42) -> 0.81601009 | Y6: =CORREL(G$2:G$42,K$2:K$42) -> -0.70988901 | Z6: =CORREL(G$2:G$42,L$2:L$42) -> 0.24222831 | AA6: =CORREL(G$2:G$42,M$2:M$42) -> -0.31799879 | AB6: =CORREL(G$2:G$42,N$2:N$42) -> 0.55070546
A7: DKI JAKARTA | B7: Kota Jakarta Utara | C7: 80.29 | D7: 93.53 | E7: 6.78 | F7: 312100.58 | G7: 10.8 | H7: 71.36 | I7: 75.13 | J7: 594240 | K7: 2.18 | L7: 11.79 | M7: 65.97 | N7: 0.413 | O7: 1778981 | Q7: =V2 -> 0.65217837 | R7: =V3 -> 0.39433983 | S7: =V4 -> -0.25953496 | T7: =V5 -> 0.41150936 | U7: =V6 -> 0.56126955 | V7: =CORREL(H$2:H$42,H$2:H$42) -> 1 | W7: =CORREL(H$2:H$42,I$2:I$42) -> 0.99945481 | X7: =CORREL(H$2:H$42,J$2:J$42) -> 0.44257979 | Y7: =CORREL(H$2:H$42,K$2:K$42) -> -0.10617802 | Z7: =CORREL(H$2:H$42,L$2:L$42) -> 0.12915119 | AA7: =CORREL(H$2:H$42,M$2:M$42) -> -0.054708653 | AB7: =CORREL(H$2:H$42,N$2:N$42) -> 0.57401025
A8: JAWA BARAT | B8: Bogor | C8: 70.4 | D8: 89.23 | E8: 7.69 | F8: 154113.6 | G8: 8.3 | H8: 69.24 | I8: 73.06 | J8: 402877 | K8: 4.06 | L8: 14.29 | M8: 62.65 | N8: 0.381 | O8: 5409370 | Q8: =W2 -> 0.65118053 | R8: =W3 -> 0.39385125 | S8: =W4 -> -0.25285961 | T8: =W5 -> 0.4103952 | U8: =W6 -> 0.55945797 | V8: =W7 -> 0.99945481 | W8: =CORREL(I$2:I$42,I$2:I$42) -> 1 | X8: =CORREL(I$2:I$42,J$2:J$42) -> 0.44885923 | Y8: =CORREL(I$2:I$42,K$2:K$42) -> -0.10736476 | Z8: =CORREL(I$2:I$42,L$2:L$42) -> 0.12080251 | AA8: =CORREL(I$2:I$42,M$2:M$42) -> -0.051207833 | AB8: =CORREL(I$2:I$42,N$2:N$42) -> 0.57117617
A9: JAWA BARAT | B9: Sukabumi | C9: 66.88 | D9: 87.37 | E9: 7.09 | F9: 46205.28 | G9: 7.07 | H9: 69.03 | I9: 72.87 | J9: 328284 | K9: 4.89 | L9: 9.6 | M9: 61.56 | N9: 0.334 | O9: 2718740 | Q9: =X2 -> 0.84541092 | R9: =X3 -> 0.65707633 | S9: =X4 -> -0.49471121 | T9: =X5 -> 0.56977025 | U9: =X6 -> 0.81601009 | V9: =X7 -> 0.44257979 | W9: =X8 -> 0.44885923 | X9: =CORREL(J$2:J$42,J$2:J$42) -> 1 | Y9: =CORREL(J$2:J$42,K$2:K$42) -> -0.7456931 | Z9: =CORREL(J$2:J$42,L$2:L$42) -> 0.16855083 | AA9: =CORREL(J$2:J$42,M$2:M$42) -> -0.2310517 | AB9: =CORREL(J$2:J$42,N$2:N$42) -> 0.27534691
A10: JAWA BARAT | B10: Cianjur | C10: 65.36 | D10: 84.14 | E10: 10.36 | F10: 31792.32 | G10: 7.18 | H10: 68.17 | I10: 72.03 | J10: 371699 | K10: 4.75 | L10: 11.05 | M10: 69.26 | N10: 0.35 | O10: 2470560 | Q10: =Y2 -> -0.70458464 | R10: =Y3 -> -0.5654964 | S10: =Y4 -> 0.68505587 | T10: =Y5 -> -0.47488257 | U10: =Y6 -> -0.70988901 | V10: =Y7 -> -0.10617802 | W10: =Y8 -> -0.10736476 | X10: =Y9 -> -0.7456931 | Y10: =CORREL(K$2:K$42,K$2:K$42) -> 1 | Z10: =CORREL(K$2:K$42,L$2:L$42) -> -0.28630068 | AA10: =CORREL(K$2:K$42,M$2:M$42) -> 0.23759144 | AB10: =CORREL(K$2:K$42,N$2:N$42) -> -0.062609456
A11: JAWA BARAT | B11: Bandung | C11: 72.39 | D11: 93.95 | E11: 6.91 | F11: 81060.97 | G11: 8.96 | H11: 71.67 | I11: 75.34 | J11: 367403 | K11: 5.07 | L11: 8.58 | M11: 62.2 | N11: 0.414 | O11: 3616540 | Q11: =Z2 -> 0.23498053 | R11: =Z3 -> 0.086230032 | S11: =Z4 -> -0.29591909 | T11: =Z5 -> 0.304137 | U11: =Z6 -> 0.24222831 | V11: =Z7 -> 0.12915119 | W11: =Z8 -> 0.12080251 | X11: =Z9 -> 0.16855083 | Y11: =Z10 -> -0.28630068 | Z11: =CORREL(L$2:L$42,L$2:L$42) -> 1 | AA11: =CORREL(L$2:L$42,M$2:M$42) -> -0.54828036 | AB11: =CORREL(L$2:L$42,N$2:N$42) -> 0.35720927
A12: JAWA BARAT | B12: Garut | C12: 66.12 | D12: 82.29 | E12: 9.98 | F12: 38598.43 | G12: 7.52 | H12: 69.49 | I12: 73.3 | J12: 310437 | K12: 4.06 | L12: 8.95 | M12: 61.11 | N12: 0.352 | O12: 2577350 | Q12: =AA2 -> -0.24657195 | R12: =AA3 -> -0.1165227 | S12: =AA4 -> 0.18782887 | T12: =AA5 -> -0.097335432 | U12: =AA6 -> -0.31799879 | V12: =AA7 -> -0.054708653 | W12: =AA8 -> -0.051207833 | X12: =AA9 -> -0.2310517 | Y12: =AA10 -> 0.23759144 | Z12: =AA11 -> -0.54828036 | AA12: =CORREL(M$2:M$42,M$2:M$42) -> 1 | AB12: =CORREL(M$2:M$42,N$2:N$42) -> -0.31898592
A13: JAWA BARAT | B13: Tasikmalaya | C13: 65.67 | D13: 86.02 | E13: 10.34 | F13: 24344.86 | G13: 7.35 | H13: 67.51 | I13: 71.39 | J13: 323880 | K13: 5.64 | L13: 7.12 | M13: 69.54 | N13: 0.343 | O13: 1861060 | Q13: =AB2 -> 0.53243255 | R13: =AB3 -> 0.36143844 | S13: =AB4 -> -0.27070574 | T13: =AB5 -> 0.40207041 | U13: =AB6 -> 0.55070546 | V13: =AB7 -> 0.57401025 | W13: =AB8 -> 0.57117617 | X13: =AB9 -> 0.27534691 | Y13: =AB10 -> -0.062609456 | Z13: =AB11 -> 0.35720927 | AA13: =AB12 -> -0.31898592 | AB13: =CORREL(N$2:N$42,N$2:N$42) -> 1
A14: JAWA BARAT | B14: Ciamis | C14: 70.49 | D14: 86.61 | E14: 7.62 | F14: 21970.41 | G14: 7.7 | H14: 69.92 | I14: 73.72 | J14: 378108 | K14: 5.11 | L14: 5.66 | M14: 71.41 | N14: 0.336 | O14: 1226050 | Q14: =SUMSQ(Q2:AB13) - 12 -> 32.223948
A15: JAWA BARAT | B15: Kuningan | C15: 69.38 | D15: 86.81 | E15: 12.82 | F15: 16882.76 | G15: 7.57 | H15: 71.72 | I15: 75.42 | J15: 352358 | K15: 3.51 | L15: 11.22 | M15: 61.98 | N15: 0.361 | O15: 1162590
A16: JAWA BARAT | B16: Cirebon | C16: 68.75 | D16: 83.47 | E16: 11.24 | F16: 33304.05 | G16: 6.92 | H16: 70.08 | I16: 73.87 | J16: 393452 | K16: 5.41 | L16: 11.52 | M16: 63.79 | N16: 0.338 | O16: 2270350
A17: JAWA BARAT | B17: Majalengka | C17: 67.59 | D17: 85.91 | E17: 11.43 | F17: 21754.54 | G17: 7.27 | H17: 68.31 | I17: 72.18 | J17: 453201 | K17: 4.17 | L17: 5.84 | M17: 69.66 | N17: 0.336 | O17: 1301570 | Q17: V
A18: JAWA BARAT | B18: Sumedang | C18: 71.64 | D18: 95.18 | E18: 10.26 | F18: 23665.01 | G18: 8.51 | H18: 70.52 | I18: 74.3 | J18: 353092 | K18: 4.01 | L18: 9.89 | M18: 68.96 | N18: 0.384 | O18: 1149470 | Q18: {=MINVERSE(Q2:AB13)} -> 42.066685 | R18: -4.7828527 | S18: 2.8218038 | T18: -3.4009537 | U18: -21.514315 | V18: -24.036656 | W18: 15.570559 | X18: -5.31781 | Y18: 3.5091601 | Z18: 0.79612603 | AA18: -0.17173181 | AB18: -0.44107325
A19: JAWA BARAT | B19: Indramayu | C19: 67.29 | D19: 88.15 | E19: 12.7 | F19: 59200 | G19: 6.3 | H19: 69.72 | I19: 73.52 | J19: 474807 | K19: 4.28 | L19: 9.21 | M19: 69.53 | N19: 0.319 | O19: 1829230 | Q19: -4.7828527 | R19: 2.9109967 | S19: -0.65654592 | T19: 0.094162583 | U19: 0.87681853 | V19: -0.87758338 | W19: 1.9498329 | X19: 0.42554266 | Y19: -0.092901789 | Z19: 0.12103268 | AA19: -0.20474882 | AB19: -0.045549724
A20: JAWA BARAT | B20: Subang | C20: 68.95 | D20: 90.53 | E20: 9.31 | F20: 28344.32 | G20: 7.1 | H20: 70.46 | I20: 74.22 | J20: 351885 | K20: 4.81 | L20: 9.48 | M20: 66.7 | N20: 0.35 | O20: 1605250 | Q20: 2.8218038 | R20: -0.65654592 | S20: 3.4835935 | T20: 0.50372952 | U20: 1.7264402 | V20: 3.6129995 | W20: -4.3014853 | X20: -2.1833101 | Y20: -1.0148952 | Z20: 0.34725532 | AA20: 0.27934938 | AB20: -0.5896868
A21: JAWA BARAT | B21: Purwakarta | C21: 70.82 | D21: 86.56 | E21: 8.27 | F21: 45293.24 | G21: 8.09 | H21: 69.05 | I21: 72.89 | J21: 378287 | K21: 4.08 | L21: 11.07 | M21: 60.91 | N21: 0.414 | O21: 994330 | Q21: -3.4009537 | R21: 0.094162583 | S21: 0.50372952 | T21: 2.3476146 | U21: 3.0215165 | V21: -2.2344201 | W21: 2.6565123 | X21: -0.80147178 | Y21: -0.04616327 | Z21: -0.33244014 | AA21: -0.29470861 | AB21: -0.6869863
A22: JAWA BARAT | B22: Karawang | C22: 70.66 | D22: 90.12 | E22: 8.26 | F22: 157710.59 | G22: 7.77 | H22: 70.25 | I22: 74.03 | J22: 466152 | K22: 3.79 | L22: 11.52 | M22: 64.9 | N22: 0.327 | O22: 2434090 | Q22: -21.514315 | R22: 0.87681853 | S22: 1.7264402 | T22: 3.0215165 | U22: 23.37095 | V22: -19.635353 | W22: 22.218091 | X22: -1.9732475 | Y22: 0.85775478 | Z22: 1.1868149 | AA22: 1.185549 | AB22: -3.3482963
A23: JAWA BARAT | B23: Bekasi | C23: 74.07 | D23: 88.58 | E23: 4.82 | F23: 242971.39 | G23: 9.12 | H23: 71.81 | I23: 75.5 | J23: 518667 | K23: 2.26 | L23: 11.54 | M23: 64.23 | N23: 0.372 | O23: 3101730 | Q23: -24.036656 | R23: -0.87758338 | S23: 3.6129995 | T23: -2.2344201 | U23: -19.635353 | V23: 1273.4878 | W23: -1265.5383 | X23: 32.296675 | Y23: -14.449681 | Z23: -14.018791 | AA23: -1.1031318 | AB23: 12.513413
A24: JAWA BARAT | B24: Bandung Barat | C24: 68.08 | D24: 79.06 | E24: 10.49 | F24: 30640.41 | G24: 8.19 | H24: 70.43 | I24: 74.2 | J24: 362212 | K24: 5.07 | L24: 12.25 | M24: 59.91 | N24: 0.376 | O24: 1782190 | Q24: 15.570559 | R24: 1.9498329 | S24: -4.3014853 | T24: 2.6565123 | U24: 22.218091 | V24: -1265.5383 | W24: 1261.62 | X24: -31.855074 | Y24: 12.307884 | Z24: 13.544685 | AA24: 0.64906656 | AB24: -12.727941
A25: JAWA BARAT | B25: Pangandaran | C25: 68.06 | D25: 89.78 | E25: 8.99 | F25: 7738.97 | G25: 7.74 | H25: 69.49 | I25: 73.29 | J25: 382264 | K25: 4.39 | L25: 5.08 | M25: 76.79 | N25: 0.335 | O25: 422410 | Q25: -5.31781 | R25: 0.42554266 | S25: -2.1833101 | T25: -0.80147178 | U25: -1.9732475 | V25: 32.296675 | W25: -31.855074 | X25: 6.858251 | Y25: 1.3090249 | Z25: -0.24174908 | AA25: 0.19631814 | AB25: 1.4942335
A26: JAWA BARAT | B26: Kota Bogor | C26: 76.11 | D26: 91.02 | E26: 6.68 | F26: 32162.74 | G26: 10.33 | H26: 71.74 | I26: 75.44 | J26: 547399 | K26: 2.95 | L26: 12.68 | M26: 60.81 | N26: 0.412 | O26: 1040570 | Q26: 3.5091601 | R26: -0.092901789 | S26: -1.0148952 | T26: -0.04616327 | U26: 0.85775478 | V26: -14.449681 | W26: 12.307884 | X26: 1.3090249 | Y26: 5.6450055 | Z26: 1.184564 | AA26: 0.23623636 | AB26: -1.6538513
A27: JAWA BARAT | B27: Kota Sukabumi | C27: 74.21 | D27: 91.36 | E27: 7.7 | F27: 8534.72 | G27: 9.59 | H27: 70.52 | I27: 74.28 | J27: 547415 | K27: 3.65 | L27: 12.17 | M27: 55.74 | N27: 0.397 | O27: 344830 | Q27: 0.79612603 | R27: 0.12103268 | S27: 0.34725532 | T27: -0.33244014 | U27: 1.1868149 | V27: -14.018791 | W27: 13.544685 | X27: -0.24174908 | Y27: 1.184564 | Z27: 2.1155742 | AA27: 0.95448007 | AB27: -0.8935255
A28: JAWA BARAT | B28: Kota Bandung | C28: 81.51 | D28: 94.68 | E28: 3.99 | F28: 193144.95 | G28: 10.75 | H28: 72.45 | I28: 75.97 | J28: 500452 | K28: 2.82 | L28: 11.19 | M28: 64.71 | N28: 0.402 | O28: 2438350 | Q28: -0.17173181 | R28: -0.20474882 | S28: 0.27934938 | T28: -0.29470861 | U28: 1.185549 | V28: -1.1031318 | W28: 0.64906656 | X28: 0.19631814 | Y28: 0.23623636 | Z28: 0.95448007 | AA28: 1.7633895 | AB28: 0.15142639
A29: JAWA BARAT | B29: Kota Cirebon | C29: 74.89 | D29: 94.39 | E29: 9.52 | F29: 16648.21 | G29: 9.91 | H29: 70.35 | I29: 74.13 | J29: 457954 | K29: 4.52 | L29: 10.97 | M29: 63.76 | N29: 0.421 | O29: 332580 | Q29: -0.44107325 | R29: -0.045549724 | S29: -0.5896868 | T29: -0.6869863 | U29: -3.3482963 | V29: 12.513413 | W29: -12.727941 | X29: 1.4942335 | Y29: -1.6538513 | Z29: -0.8935255 | AA29: 0.15142639 | AB29: 3.1513837
A30: JAWA BARAT | B30: Kota Bekasi | C30: 81.5 | D30: 92.95 | E30: 4.38 | F30: 67619.24 | G30: 11.16 | H30: 73.22 | I30: 76.71 | J30: 657953 | K30: 1.33 | L30: 10.68 | M30: 64.74 | N30: 0.352 | O30: 2536120
A31: JAWA BARAT | B31: Kota Depok | C31: 80.97 | D31: 93.01 | E31: 2.45 | F31: 48135.93 | G31: 11.28 | H31: 72.61 | I31: 76.42 | J31: 688194 | K31: 1.26 | L31: 9.87 | M31: 63.96 | N31: 0.344 | O31: 2046830
A32: JAWA BARAT | B32: Kota Cimahi | C32: 77.83 | D32: 92.01 | E32: 5.11 | F32: 22340.56 | G32: 10.96 | H32: 72.19 | I32: 75.77 | J32: 511375 | K32: 2.66 | L32: 13.3 | M32: 62.67 | N32: 0.38 | O32: 566170 | Q32: baru
A33: JAWA BARAT | B33: Kota Tasikmalaya | C33: 73.04 | D33: 91.64 | E33: 12.97 | F33: 15430.02 | G33: 9.33 | H33: 70.25 | I33: 74.02 | J33: 470150 | K33: 4.17 | L33: 7.99 | M33: 66.54 | N33: 0.366 | O33: 713670 | Q33: =-(Q18)/SQRT(Q18*Q18) -> -1 | R33: =-(R18)/SQRT(Q18*R19) -> 0.43221218 | S33: =-(S18)/SQRT(Q18*S20) -> -0.23310089 | T33: =-(T18)/SQRT(Q18*T21) -> 0.34223008 | U33: =-(U18)/SQRT(Q18*U22) -> 0.68615178 | V33: =-(V18)/SQRT(Q18*V23) -> 0.10385024 | W33: =-(W18)/SQRT(Q18*W24) -> -0.067588184 | X33: =-(X18)/SQRT(Q18*X25) -> 0.3130812 | Y33: =-(Y18)/SQRT(Q18*Y26) -> -0.22772036 | Z33: =-(Z18)/SQRT(Q18*Z27) -> -0.084391469 | AA33: =-(AA18)/SQRT(Q18*AA28) -> 0.019939189 | AB33: =-(AB18)/SQRT(Q18*AB29) -> 0.038308128
A34: JAWA BARAT | B34: Kota Banjar | C34: 71.7 | D34: 87.17 | E34: 6.09 | F34: 3251.76 | G34: 8.63 | H34: 69.04 | I34: 72.89 | J34: 344363 | K34: 3.93 | L34: 6.73 | M34: 67.35 | N34: 0.312 | O34: 200270 | Q34: =R33 -> 0.43221218 | R34: =-(R19)/SQRT(R19*R19) -> -1 | S34: =-(S19)/SQRT(R19*S20) -> 0.20617239 | T34: =-(T19)/SQRT(R19*T21) -> -0.036020033 | U34: =-(U19)/SQRT(R19*U22) -> -0.10630426 | V34: =-(V19)/SQRT(R19*V23) -> 0.014413523 | W34: =-(W19)/SQRT(R19*W24) -> -0.032174533 | X34: =-(X19)/SQRT(R19*X25) -> -0.09523916 | Y34: =-(Y19)/SQRT(R19*Y26) -> 0.0229177 | Z34: =-(Z19)/SQRT(R19*Z27) -> -0.048771673 | AA34: =-(AA19)/SQRT(R19*AA28) -> 0.090370447 | AB34: =-(AB19)/SQRT(R19*AB29) -> 0.015038837
A35: BANTEN | B35: Pandeglang | C35: 65 | D35: 86.71 | E35: 9.92 | F35: 19511.68 | G35: 7.1 | H35: 62.69 | I35: 66.54 | J35: 361713 | K35: 3.6 | L35: 9.15 | M35: 60.28 | N35: 0.305 | O35: 1270.09 | Q35: =S33 -> -0.23310089 | R35: =S34 -> 0.20617239 | S35: =-(S20)/SQRT(S20*S20) -> -1 | T35: =-(T20)/SQRT(S20*T21) -> -0.17614498 | U35: =-(U20)/SQRT(S20*U22) -> -0.19133729 | V35: =-(V20)/SQRT(S20*V23) -> -0.054244632 | W35: =-(W20)/SQRT(S20*W24) -> 0.06488442 | X35: =-(X20)/SQRT(S20*X25) -> 0.44667844 | Y35: =-(Y20)/SQRT(S20*Y26) -> 0.22886284 | Z35: =-(Z20)/SQRT(S20*Z27) -> -0.12791487 | AA35: =-(AA20)/SQRT(S20*AA28) -> -0.11270933 | AB35: =-(AB20)/SQRT(S20*AB29) -> 0.17797419
A36: BANTEN | B36: Lebak | C36: 63.91 | D36: 79.81 | E36: 9.24 | F36: 20622.04 | G36: 6.4 | H36: 65.19 | I36: 69.13 | J36: 334509 | K36: 3.14 | L36: 9.63 | M36: 69.97 | N36: 0.314 | O36: 1383.54 | Q36: =T33 -> 0.34223008 | R36: =T34 -> -0.036020033 | S36: =T35 -> -0.17614498 | T36: =-(T21)/SQRT(T21*T21) -> -1 | U36: =-(U21)/SQRT(T21*U22) -> -0.40791849 | V36: =-(V21)/SQRT(T21*V23) -> 0.040865237 | W36: =-(W21)/SQRT(T21*W24) -> -0.048812849 | X36: =-(X21)/SQRT(T21*X25) -> 0.19974143 | Y36: =-(Y21)/SQRT(T21*Y26) -> 0.012680927 | Z36: =-(Z21)/SQRT(T21*Z27) -> 0.14917153 | AA36: =-(AA21)/SQRT(T21*AA28) -> 0.1448456 | AB36: =-(AB21)/SQRT(T21*AB29) -> 0.25257132
A37: BANTEN | B37: Tangerang | C37: 71.92 | D37: 90.98 | E37: 6.23 | F37: 93480.39 | G37: 8.39 | H37: 67.86 | I37: 71.81 | J37: 520742 | K37: 1.84 | L37: 13.06 | M37: 65.43 | N37: 0.285 | O37: 3236.7 | Q37: =U33 -> 0.68615178 | R37: =U34 -> -0.10630426 | S37: =U35 -> -0.19133729 | T37: =U36 -> -0.40791849 | U37: =-(U22)/SQRT(U22*U22) -> -1 | V37: =-(V22)/SQRT(U22*V23) -> 0.11381595 | W37: =-(W22)/SQRT(U22*W24) -> -0.12939106 | X37: =-(X22)/SQRT(U22*X25) -> 0.15586073 | Y37: =-(Y22)/SQRT(U22*Y26) -> -0.074678016 | Z37: =-(Z22)/SQRT(U22*Z27) -> -0.16878377 | AA37: =-(AA22)/SQRT(U22*AA28) -> -0.18467462 | AB37: =-(AB22)/SQRT(U22*AB29) -> 0.3901531
A38: BANTEN | B38: Serang | C38: 66.7 | D38: 92.14 | E38: 4.94 | F38: 52866.43 | G38: 7.5 | H38: 62.68 | I38: 66.5 | J38: 341074 | K38: 2.44 | L38: 12.22 | M38: 63.46 | N38: 0.303 | O38: 1618.36 | Q38: =V33 -> 0.10385024 | R38: =V34 -> 0.014413523 | S38: =V35 -> -0.054244632 | T38: =V36 -> 0.040865237 | U38: =V37 -> 0.11381595 | V38: =-(V23)/SQRT(V23*V23) -> -1 | W38: =-(W23)/SQRT(V23*W24) -> 0.99842082 | X38: =-(X23)/SQRT(V23*X25) -> -0.34558408 | Y38: =-(Y23)/SQRT(V23*Y26) -> 0.17042319 | Z38: =-(Z23)/SQRT(V23*Z27) -> 0.27008411 | AA38: =-(AA23)/SQRT(V23*AA28) -> 0.023278548 | AB38: =-(AB23)/SQRT(V23*AB29) -> -0.19752758
A39: BANTEN | B39: Kota Tangerang | C39: 78.25 | D39: 95.06 | E39: 5.22 | F39: 102415.7 | G39: 10.69 | H39: 69.61 | I39: 73.49 | J39: 632835 | K39: 1.42 | L39: 8.63 | M39: 64.97 | N39: 0.339 | O39: 1891.4 | Q39: =W33 -> -0.067588184 | R39: =W34 -> -0.032174533 | S39: =W35 -> 0.06488442 | T39: =W36 -> -0.048812849 | U39: =W37 -> -0.12939106 | V39: =W38 -> 0.99842082 | W39: =-(W24)/SQRT(W24*W24) -> -1 | X39: =-(X24)/SQRT(W24*X25) -> 0.34245827 | Y39: =-(Y24)/SQRT(W24*Y26) -> -0.14584345 | Z39: =-(Z24)/SQRT(W24*Z27) -> -0.26217454 | AA39: =-(AA24)/SQRT(W24*AA28) -> -0.013761027 | AB39: =-(AB24)/SQRT(W24*AB29) -> 0.20185672
A40: BANTEN | B40: Kota Cilegon | C40: 73.05 | D40: 87.22 | E40: 3.69 | F40: 73319.12 | G40: 9.87 | H40: 64.66 | I40: 68.58 | J40: 504571 | K40: 2.02 | L40: 12.69 | M40: 61.83 | N40: 0.373 | O40: 433.76 | Q40: =X33 -> 0.3130812 | R40: =X34 -> -0.09523916 | S40: =X35 -> 0.44667844 | T40: =X36 -> 0.19974143 | U40: =X37 -> 0.15586073 | V40: =X38 -> -0.34558408 | W40: =X39 -> 0.34245827 | X40: =-(X25)/SQRT(X25*X25) -> -1 | Y40: =-(Y25)/SQRT(X25*Y26) -> -0.21038222 | Z40: =-(Z25)/SQRT(X25*Z27) -> 0.063466422 | AA40: =-(AA25)/SQRT(X25*AA28) -> -0.056452038 | AB40: =-(AB25)/SQRT(X25*AB29) -> -0.32141129
A41: BANTEN | B41: Kota Serang | C41: 72.16 | D41: 92.28 | E41: 6.06 | F41: 22518.66 | G41: 8.76 | H41: 65.87 | I41: 69.94 | J41: 411595 | K41: 1.29 | L41: 9.26 | M41: 63.79 | N41: 0.352 | O41: 689.41 | Q41: =Y33 -> -0.22772036 | R41: =Y34 -> 0.0229177 | S41: =Y35 -> 0.22886284 | T41: =Y36 -> 0.012680927 | U41: =Y37 -> -0.074678016 | V41: =Y38 -> 0.17042319 | W41: =Y39 -> -0.14584345 | X41: =Y40 -> -0.21038222 | Y41: =-(Y26)/SQRT(Y26*Y26) -> -1 | Z41: =-(Z26)/SQRT(Y26*Z27) -> -0.34277742 | AA41: =-(AA26)/SQRT(Y26*AA28) -> -0.07487562 | AB41: =-(AB26)/SQRT(Y26*AB29) -> 0.39211515
A42: BANTEN | B42: Kota Tangerang Selatan | C42: 81.36 | D42: 93.58 | E42: 2.29 | F42: 59531.08 | G42: 11.81 | H42: 70.51 | I42: 74.31 | J42: 643083 | K42: 1.51 | L42: 8.48 | M42: 62.49 | N42: 0.368 | O42: 1351.31 | Q42: =Z33 -> -0.084391469 | R42: =Z34 -> -0.048771673 | S42: =Z35 -> -0.12791487 | T42: =Z36 -> 0.14917153 | U42: =Z37 -> -0.16878377 | V42: =Z38 -> 0.27008411 | W42: =Z39 -> -0.26217454 | X42: =Z40 -> 0.063466422 | Y42: =Z41 -> -0.34277742 | Z42: =-(Z27)/SQRT(Z27*Z27) -> -1 | AA42: =-(AA27)/SQRT(Z27*AA28) -> -0.49417255 | AB42: =-(AB27)/SQRT(Z27*AB29) -> 0.34605265
B43: 41 | C43: =SUM(C2:C42) -> 2988.78 | D43: =SUM(D2:D42) -> 3689.47 | E43: =SUM(E2:E42) -> 313.06 | F43: =SUM(F2:F42) -> 3717394.3 | G43: =SUM(G2:G42) -> 365.9 | H43: =SUM(H2:H42) -> 2855.11 | I43: =SUM(I2:I42) -> 3010.54 | J43: =SUM(J2:J42) -> 19295350 | ... O43: =SUM(O2:O42) -> 58726233 | Q43: =AA33 -> 0.019939189 | R43: =AA34 -> 0.090370447 | S43: =AA35 -> -0.11270933 | T43: =AA36 -> 0.1448456 | U43: =AA37 -> -0.18467462 | V43: =AA38 -> 0.023278548 | W43: =AA39 -> -0.013761027 | X43: =AA40 -> -0.056452038 | Y43: =AA41 -> -0.07487562 | Z43: =AA42 -> -0.49417255 | AA43: =-(AA28)/SQRT(AA28*AA28) -> -1 | AB43: =-(AB28)/SQRT(AA28*AB29) -> -0.064235753
C44: =C43/$B43 -> 72.897073 | D44: =D43/$B43 -> 89.987073 | E44: =E43/$B43 -> 7.6356098 | F44: =F43/$B43 -> 90668.154 | G44: =G43/$B43 -> 8.9243902 | H44: =H43/$B43 -> 69.636829 | I44: =I43/$B43 -> 73.427805 | J44: =J43/$B43 -> 470618.29 | ... O44: =O43/$B43 -> 1432347.1 | Q44: =AB33 -> 0.038308128 | R44: =AB34 -> 0.015038837 | S44: =AB35 -> 0.17797419 | T44: =AB36 -> 0.25257132 | U44: =AB37 -> 0.3901531 | V44: =AB38 -> -0.19752758 | W44: =AB39 -> 0.20185672 | X44: =AB40 -> -0.32141129 | Y44: =AB41 -> 0.39211515 | Z44: =AB42 -> 0.34605265 | AA44: =AB43 -> -0.064235753 | AB44: =-(AB29)/SQRT(AB29*AB29) -> -1
C45: =_xlfn.STDEV.P(C2:C42) -> 5.7191063 | D45: =_xlfn.STDEV.P(D2:D42) -> 4.3625911 | E45: =_xlfn.STDEV.P(E2:E42) -> 3.1054712 | F45: =_xlfn.STDEV.P(F2:F42) -> 114358.95 | G45: =_xlfn.STDEV.P(G2:G42) -> 1.6318089 | H45: =_xlfn.STDEV.P(H2:H42) -> 2.5444511 | I45: =_xlfn.STDEV.P(I2:I42) -> 2.461943 | J45: =_xlfn.STDEV.P(J2:J42) -> 122257.45 | ... O45: =_xlfn.STDEV.P(O2:O42) -> 1227766.2
A46: Z | Q46: baru^kuadrat
A47: Provinsi | B47: Kabupaten/Kota | C47: IPM | D47: IPG | E47: PPM | F47: PDRB_ADHK | G47: RLS | H47: AHH_L | I47: AHH_P | J47: GK | K47: PKKP | L47: TPT | M47: TPAK | N47: GR | O47: JP | Q47: =Q33^2 -> 1 | R47: =R33^2 -> 0.18680737 | S47: =S33^2 -> 0.054336026 | T47: =T33^2 -> 0.11712143 | U47: =U33^2 -> 0.47080426 | V47: =V33^2 -> 0.010784873 | W47: =W33^2 -> 0.0045681626 | X47: =X33^2 -> 0.098019835 | ... AB47: =AB33^2 -> 0.0014675127
A48: DKI JAKARTA | B48: Kep. Seribu | C48: =(C2-C$44)/C$45 -> -0.2215509 | D48: =(D2-D$44)/D$45 -> 0.78002424 | E48: =(E2-E$44)/E$45 -> 2.3295628 | F48: =(F2-F$44)/F$45 -> -0.76042934 | G48: =(G2-G$44)/G$45 -> -0.14976646 | H48: =(H2-H$44)/H$45 -> -1.1659997 | I48: =(I2-I$44)/I$45 -> -1.0917413 | J48: =(J2-J$44)/J$45 -> 1.5641886 | ... O48: =(O2-O$44)/O$45 -> -1.1440273 | Q48: =Q34^2 -> 0.18680737 | R48: =R34^2 -> 1 | S48: =S34^2 -> 0.042507056 | T48: =T34^2 -> 0.0012974428 | U48: =U34^2 -> 0.011300596 | V48: =V34^2 -> 0.00020774963 | W48: =W34^2 -> 0.0010352006 | X48: =X34^2 -> 0.0090704976 | ... AB48: =AB34^2 -> 0.00022616661
A49: DKI JAKARTA | B49: Kota Jakarta Selatan | C49: =(C3-C$44)/C$45 -> 2.0672682 | D49: =(D3-D$44)/D$45 -> 1.4103836 | E49: =(E3-E$44)/E$45 -> -1.3542582 | F49: =(F3-F$44)/F$45 -> 2.8733127 | G49: =(G3-G$44)/G$45 -> 1.6580433 | H49: =(H3-H$44)/H$45 -> 1.0191474 | I49: =(I3-I$44)/I$45 -> 1.0610299 | J49: =(J3-J$44)/J$45 -> 2.5529137 | ... O49: =(O3-O$44)/O$45 -> 0.64708153 | Q49: =Q35^2 -> 0.054336026 | R49: =R35^2 -> 0.042507056 | S49: =S35^2 -> 1 | T49: =T35^2 -> 0.031027054 | U49: =U35^2 -> 0.036609959 | V49: =V35^2 -> 0.0029424802 | W49: =W35^2 -> 0.004209988 | X49: =X35^2 -> 0.19952163 | ... AB49: =AB35^2 -> 0.031674813
A50: DKI JAKARTA | B50: Kota Jakarta Timur | C50: =(C4-C$44)/C$45 -> 1.7070721 | D50: =(D4-D$44)/D$45 -> 1.2590973 | E50: =(E4-E$44)/E$45 -> -1.1191892 | F50: =(F4-F$44)/F$45 -> 1.826241 | G50: =(G4-G$44)/G$45 -> 1.6764278 | H50: =(H4-H$44)/H$45 -> 1.1645619 | I50: =(I4-I$44)/I$45 -> 1.1341429 | J50: =(J4-J$44)/J$45 -> 0.91066607 | ... O50: =(O4-O$44)/O$45 -> 1.3070826 | Q50: =Q36^2 -> 0.11712143 | R50: =R36^2 -> 0.0012974428 | S50: =S36^2 -> 0.031027054 | T50: =T36^2 -> 1 | U50: =U36^2 -> 0.16639749 | V50: =V36^2 -> 0.0016699676 | W50: =W36^2 -> 0.0023826942 | X50: =X36^2 -> 0.039896638 | ... AB50: =AB36^2 -> 0.063792271
A51: DKI JAKARTA | B51: Kota Jakarta Pusat | C51: =(C5-C$44)/C$45 -> 1.4850094 | D51: =(D5-D$44)/D$45 -> 1.3782926 | E51: =(E5-E$44)/E$45 -> -1.0064849 | F51: =(F5-F$44)/F$45 -> 3.1379264 | G51: =(G5-G$44)/G$45 -> 1.5048391 | H51: =(H5-H$44)/H$45 -> 1.0152173 | I51: =(I5-I$44)/I$45 -> 1.0122879 | J51: =(J5-J$44)/J$45 -> 1.6498767 | ... O51: =(O5-O$44)/O$45 -> -0.30580018 | Q51: =Q37^2 -> 0.47080426 | R51: =R37^2 -> 0.011300596 | S51: =S37^2 -> 0.036609959 | T51: =T37^2 -> 0.16639749 | U51: =U37^2 -> 1 | V51: =V37^2 -> 0.012954071 | W51: =W37^2 -> 0.016742047 | X51: =X37^2 -> 0.024292566 | ... AB51: =AB37^2 -> 0.15221944
A52: DKI JAKARTA | B52: Kota Jakarta Barat | C52: =(C6-C$44)/C$45 -> 1.4832609 | D52: =(D6-D$44)/D$45 -> 1.1857464 | E52: =(E6-E$44)/E$45 -> -1.0902081 | F52: =(F6-F$44)/F$45 -> 1.9719003 | G52: =(G6-G$44)/G$45 -> 1.0452264 | H52: =(H6-H$44)/H$45 -> 0.81871125 | I52: =(I6-I$44)/I$45 -> 0.81325811 | J52: =(J6-J$44)/J$45 -> 0.71312391 | ... O52: =(O6-O$44)/O$45 -> 0.81624973 | Q52: =Q38^2 -> 0.010784873 | R52: =R38^2 -> 0.00020774963 | S52: =S38^2 -> 0.0029424802 | T52: =T38^2 -> 0.0016699676 | U52: =U38^2 -> 0.012954071 | V52: =V38^2 -> 1 | W52: =W38^2 -> 0.99684414 | X52: =X38^2 -> 0.11942835 | ... AB52: =AB38^2 -> 0.039017146
A53: DKI JAKARTA | B53: Kota Jakarta Utara | C53: =(C7-C$44)/C$45 -> 1.2926717 | D53: =(D7-D$44)/D$45 -> 0.81211526 | E53: =(E7-E$44)/E$45 -> -0.27551689 | F53: =(F7-F$44)/F$45 -> 1.9362929 | G53: =(G7-G$44)/G$45 -> 1.1494053 | H53: =(H7-H$44)/H$45 -> 0.6772269 | I53: =(I7-I$44)/I$45 -> 0.69140313 | J53: =(J7-J$44)/J$45 -> 1.0111589 | ... O53: =(O7-O$44)/O$45 -> 0.28232888 | Q53: =Q39^2 -> 0.0045681626 | R53: =R39^2 -> 0.0010352006 | S53: =S39^2 -> 0.004209988 | T53: =T39^2 -> 0.0023826942 | U53: =U39^2 -> 0.016742047 | V53: =V39^2 -> 0.99684414 | W53: =W39^2 -> 1 | X53: =X39^2 -> 0.11727766 | ... AB53: =AB39^2 -> 0.040746137
A54: JAWA BARAT | B54: Bogor | C54: =(C8-C$44)/C$45 -> -0.43661947 | D54: =(D8-D$44)/D$45 -> -0.1735375 | E54: =(E8-E$44)/E$45 -> 0.017514329 | F54: =(F8-F$44)/F$45 -> 0.55479212 | G54: =(G8-G$44)/G$45 -> -0.38263687 | H54: =(H8-H$44)/H$45 -> -0.15595869 | I54: =(I8-I$44)/I$45 -> -0.14939618 | J54: =(J8-J$44)/J$45 -> -0.55408726 | ... O54: =(O8-O$44)/O$45 -> 3.2392346 | Q54: =Q40^2 -> 0.098019835 | R54: =R40^2 -> 0.0090704976 | S54: =S40^2 -> 0.19952163 | T54: =T40^2 -> 0.039896638 | U54: =U40^2 -> 0.024292566 | V54: =V40^2 -> 0.11942835 | W54: =W40^2 -> 0.11727766 | X54: =X40^2 -> 1 | ... AB54: =AB40^2 -> 0.10330522
A55: JAWA BARAT | B55: Sukabumi | C55: =(C9-C$44)/C$45 -> -1.0521003 | D55: =(D9-D$44)/D$45 -> -0.59988963 | E55: =(E9-E$44)/E$45 -> -0.17569307 | F55: =(F9-F$44)/F$45 -> -0.38880098 | G55: =(G9-G$44)/G$45 -> -1.1364016 | H55: =(H9-H$44)/H$45 -> -0.23849123 | I55: =(I9-I$44)/I$45 -> -0.22657099 | J55: =(J9-J$44)/J$45 -> -1.1642178 | ... O55: =(O9-O$44)/O$45 -> 1.0477506 | Q55: =Q41^2 -> 0.051856561 | R55: =R41^2 -> 0.00052522099 | S55: =S41^2 -> 0.052378201 | T55: =T41^2 -> 0.0001608059 | U55: =U41^2 -> 0.0055768061 | V55: =V41^2 -> 0.029044064 | W55: =W41^2 -> 0.021270311 | X55: =X41^2 -> 0.044260679 | ... AB55: =AB41^2 -> 0.15375429
A56: JAWA BARAT | B56: Cianjur | C56: =(C10-C$44)/C$45 -> -1.317876 | D56: =(D10-D$44)/D$45 -> -1.3402753 | E56: =(E10-E$44)/E$45 -> 0.87728723 | F56: =(F10-F$44)/F$45 -> -0.51483362 | G56: =(G10-G$44)/G$45 -> -1.0689918 | H56: =(H10-H$44)/H$45 -> -0.57648161 | I56: =(I10-I$44)/I$45 -> -0.56776492 | J56: =(J10-J$44)/J$45 -> -0.80910649 | ... O56: =(O10-O$44)/O$45 -> 0.84561118 | Q56: =Q42^2 -> 0.0071219201 | R56: =R42^2 -> 0.0023786761 | S56: =S42^2 -> 0.016362215 | T56: =T42^2 -> 0.022252144 | U56: =U42^2 -> 0.02848796 | V56: =V42^2 -> 0.072945426 | W56: =W42^2 -> 0.068735488 | X56: =X42^2 -> 0.0040279867 | ... AB56: =AB42^2 -> 0.11975244
A57: JAWA BARAT | B57: Bandung | C57: =(C11-C$44)/C$45 -> -0.088663009 | D57: =(D11-D$44)/D$45 -> 0.90838832 | E57: =(E11-E$44)/E$45 -> -0.23365528 | F57: =(F11-F$44)/F$45 -> -0.084009022 | G57: =(G11-G$44)/G$45 -> 0.021822259 | H57: =(H11-H$44)/H$45 -> 0.79906064 | I57: =(I11-I$44)/I$45 -> 0.77670161 | J57: =(J11-J$44)/J$45 -> -0.84424545 | ... O57: =(O11-O$44)/O$45 -> 1.7789973 | Q57: =Q43^2 -> 0.00039757125 | R57: =R43^2 -> 0.0081668177 | S57: =S43^2 -> 0.012703392 | T57: =T43^2 -> 0.020980248 | U57: =U43^2 -> 0.034104714 | V57: =V43^2 -> 0.00054189079 | W57: =W43^2 -> 0.00018936585 | X57: =X43^2 -> 0.0031868326 | ... AB57: =AB43^2 -> 0.0041262319
A58: JAWA BARAT | B58: Garut | C58: =(C12-C$44)/C$45 -> -1.1849881 | D58: =(D12-D$44)/D$45 -> -1.7643352 | E58: =(E12-E$44)/E$45 -> 0.75492255 | F58: =(F12-F$44)/F$45 -> -0.45531829 | G58: =(G12-G$44)/G$45 -> -0.86063402 | H58: =(H12-H$44)/H$45 -> -0.057705675 | I58: =(I12-I$44)/I$45 -> -0.0519122 | J58: =(J12-J$44)/J$45 -> -1.3101966 | ... O58: =(O12-O$44)/O$45 -> 0.93259028 | Q58: =Q44^2 -> 0.0014675127 | R58: =R44^2 -> 0.00022616661 | S58: =S44^2 -> 0.031674813 | T58: =T44^2 -> 0.063792271 | U58: =U44^2 -> 0.15221944 | V58: =V44^2 -> 0.039017146 | W58: =W44^2 -> 0.040746137 | X58: =X44^2 -> 0.10330522 | ... AB58: =AB44^2 -> 1
A59: JAWA BARAT | B59: Tasikmalaya | C59: =(C13-C$44)/C$45 -> -1.2636718 | D59: =(D13-D$44)/D$45 -> -0.90933876 | E59: =(E13-E$44)/E$45 -> 0.87084699 | F59: =(F13-F$44)/F$45 -> -0.57995716 | G59: =(G13-G$44)/G$45 -> -0.96481289 | H59: =(H13-H$44)/H$45 -> -0.83586958 | I59: =(I13-I$44)/I$45 -> -0.82772219 | J59: =(J13-J$44)/J$45 -> -1.2002401 | ... O59: =(O13-O$44)/O$45 -> 0.34918118
A60: JAWA BARAT | B60: Ciamis | C60: =(C14-C$44)/C$45 -> -0.42088275 | D60: =(D14-D$44)/D$45 -> -0.77409803 | E60: =(E14-E$44)/E$45 -> -0.0050265338 | F60: =(F14-F$44)/F$45 -> -0.60072029 | G60: =(G14-G$44)/G$45 -> -0.75032699 | H60: =(H14-H$44)/H$45 -> 0.11128952 | I60: =(I14-I$44)/I$45 -> 0.11868476 | J60: =(J14-J$44)/J$45 -> -0.75668432 | ... O60: =(O14-O$44)/O$45 -> -0.16802639 | Q60: sum baru | R60: =SUM(Q47:AB58)-12 -> 8.7302069
A61: JAWA BARAT | B61: Kuningan | C61: =(C15-C$44)/C$45 -> -0.61496902 | D61: =(D15-D$44)/D$45 -> -0.72825371 | E61: =(E15-E$44)/E$45 -> 1.6694375 | F61: =(F15-F$44)/F$45 -> -0.64520872 | G61: =(G15-G$44)/G$45 -> -0.82999318 | H61: =(H15-H$44)/H$45 -> 0.81871125 | I61: =(I15-I$44)/I$45 -> 0.80919627 | J61: =(J15-J$44)/J$45 -> -0.96730544 | ... O61: =(O15-O$44)/O$45 -> -0.21971376
A62: JAWA BARAT | B62: Cirebon | C62: =(C16-C$44)/C$45 -> -0.72512609 | D62: =(D16-D$44)/D$45 -> -1.4938538 | E62: =(E16-E$44)/E$45 -> 1.1606581 | F62: =(F16-F$44)/F$45 -> -0.50161445 | G62: =(G16-G$44)/G$45 -> -1.2283241 | H62: =(H16-H$44)/H$45 -> 0.17417145 | I62: =(I16-I$44)/I$45 -> 0.17961225 | J62: =(J16-J$44)/J$45 -> -0.63117868 | ... O62: =(O16-O$44)/O$45 -> 0.68254268
A63: JAWA BARAT | B63: Majalengka | C63: =(C17-C$44)/C$45 -> -0.92795498 | D63: =(D17-D$44)/D$45 -> -0.93455313 | E63: =(E17-E$44)/E$45 -> 1.2218404 | F63: =(F17-F$44)/F$45 -> -0.60260794 | G63: =(G17-G$44)/G$45 -> -1.0138382 | H63: =(H17-H$44)/H$45 -> -0.52145992 | I63: =(I17-I$44)/I$45 -> -0.50683743 | J63: =(J17-J$44)/J$45 -> -0.14246407 | ... O63: =(O17-O$44)/O$45 -> -0.10651631
A64: JAWA BARAT | B64: Sumedang | C64: =(C18-C$44)/C$45 -> -0.21980238 | D64: =(D18-D$44)/D$45 -> 1.1903309 | E64: =(E18-E$44)/E$45 -> 0.845086 | F64: =(F18-F$44)/F$45 -> -0.58590204 | G64: =(G18-G$44)/G$45 -> -0.25394533 | H64: =(H18-H$44)/H$45 -> 0.34709676 | I64: =(I18-I$44)/I$45 -> 0.35427104 | J64: =(J18-J$44)/J$45 -> -0.96130172 | ... O64: =(O18-O$44)/O$45 -> -0.23039983
A65: JAWA BARAT | B65: Indramayu | C65: =(C19-C$44)/C$45 -> -0.98041073 | D65: =(D19-D$44)/D$45 -> -0.4210968 | E65: =(E19-E$44)/E$45 -> 1.6307961 | F65: =(F19-F$44)/F$45 -> -0.27517 | G65: =(G19-G$44)/G$45 -> -1.6082706 | H65: =(H19-H$44)/H$45 -> 0.032687102 | I65: =(I19-I$44)/I$45 -> 0.037448114 | J65: =(J19-J$44)/J$45 -> 0.034261368 | ... O65: =(O19-O$44)/O$45 -> 0.32325605
A66: JAWA BARAT | B66: Subang | C66: =(C20-C$44)/C$45 -> -0.69015559 | D66: =(D20-D$44)/D$45 -> 0.12445054 | E66: =(E20-E$44)/E$45 -> 0.53917429 | F66: =(F20-F$44)/F$45 -> -0.54498429 | G66: =(G20-G$44)/G$45 -> -1.1180171 | H66: =(H20-H$44)/H$45 -> 0.32351603 | I66: =(I20-I$44)/I$45 -> 0.32177638 | J66: =(J20-J$44)/J$45 -> -0.97117433 | ... O66: =(O20-O$44)/O$45 -> 0.14082718
A67: JAWA BARAT | B67: Purwakarta | C67: =(C21-C$44)/C$45 -> -0.36318142 | D67: =(D21-D$44)/D$45 -> -0.78555911 | E67: =(E21-E$44)/E$45 -> 0.20428148 | F67: =(F21-F$44)/F$45 -> -0.39677622 | G67: =(G21-G$44)/G$45 -> -0.51132841 | H67: =(H21-H$44)/H$45 -> -0.23063099 | I67: =(I21-I$44)/I$45 -> -0.21844733 | J67: =(J21-J$44)/J$45 -> -0.7552202 | ... O67: =(O21-O$44)/O$45 -> -0.35675939
A68: JAWA BARAT | B68: Karawang | C68: =(C22-C$44)/C$45 -> -0.39115782 | D68: =(D22-D$44)/D$45 -> 0.030469697 | E68: =(E22-E$44)/E$45 -> 0.20106135 | F68: =(F22-F$44)/F$45 -> 0.58624562 | G68: =(G22-G$44)/G$45 -> -0.70742981 | H68: =(H22-H$44)/H$45 -> 0.2409835 | I68: =(I22-I$44)/I$45 -> 0.24460157 | J68: =(J22-J$44)/J$45 -> -0.036531867 | ... O68: =(O22-O$44)/O$45 -> 0.81590683
A69: JAWA BARAT | B69: Bekasi | C69: =(C23-C$44)/C$45 -> 0.20508918 | D69: =(D23-D$44)/D$45 -> -0.32253153 | E69: =(E23-E$44)/E$45 -> -0.90666104 | F69: =(F23-F$44)/F$45 -> 1.3317998 | G69: =(G23-G$44)/G$45 -> 0.11987296 | H69: =(H23-H$44)/H$45 -> 0.85408233 | I69: =(I23-I$44)/I$45 -> 0.84169093 | J69: =(J23-J$44)/J$45 -> 0.39301252 | ... O69: =(O23-O$44)/O$45 -> 1.3596911
A70: JAWA BARAT | B70: Bandung Barat | C70: =(C24-C$44)/C$45 -> -0.84227726 | D70: =(D24-D$44)/D$45 -> -2.5047209 | E70: =(E24-E$44)/E$45 -> 0.91914883 | F70: =(F24-F$44)/F$45 -> -0.52490637 | G70: =(G24-G$44)/G$45 -> -0.45004672 | H70: =(H24-H$44)/H$45 -> 0.31172567 | I70: =(I24-I$44)/I$45 -> 0.31365272 | J70: =(J24-J$44)/J$45 -> -0.88670504 | ... O70: =(O24-O$44)/O$45 -> 0.28494257
A71: JAWA BARAT | B71: Pangandaran | C71: =(C25-C$44)/C$45 -> -0.84577431 | D71: =(D25-D$44)/D$45 -> -0.047465638 | E71: =(E25-E$44)/E$45 -> 0.43613035 | F71: =(F25-F$44)/F$45 -> -0.72516564 | G71: =(G25-G$44)/G$45 -> -0.72581431 | H71: =(H25-H$44)/H$45 -> -0.057705675 | I71: =(I25-I$44)/I$45 -> -0.055974032 | J71: =(J25-J$44)/J$45 -> -0.72269049 | ... O71: =(O25-O$44)/O$45 -> -0.82258096
A72: JAWA BARAT | B72: Kota Bogor | C72: =(C26-C$44)/C$45 -> 0.56178827 | D72: =(D26-D$44)/D$45 -> 0.23676911 | E72: =(E26-E$44)/E$45 -> -0.30771812 | F72: =(F26-F$44)/F$45 -> -0.51159452 | G72: =(G26-G$44)/G$45 -> 0.86138136 | H72: =(H26-H$44)/H$45 -> 0.82657149 | I72: =(I26-I$44)/I$45 -> 0.81731994 | J72: =(J26-J$44)/J$45 -> 0.6280248 | ... O72: =(O26-O$44)/O$45 -> -0.3190975
... A88: BANTEN | B88: Kota Tangerang Selatan | C88: =(C42-C$44)/C$45 -> 1.4797639 | D88: =(D42-D$44)/D$45 -> 0.82357634 | E88: =(E42-E$44)/E$45 -> -1.7213522 | F88: =(F42-F$44)/F$45 -> -0.27227491 | G88: =(G42-G$44)/G$45 -> 1.7683503 | H88: =(H42-H$44)/H$45 -> 0.34316664 | I88: =(I42-I$44)/I$45 -> 0.35833287 | J88: =(J42-J$44)/J$45 -> 1.4106683 | ... O88: =(O42-O$44)/O$45 -> -1.1655279

Sheet Bobot 2020
A1: Provinsi | B1: Kabupaten/Kota | C1: IPM | D1: IPG | E1: PPM | F1: PDRB_ADHK | G1: RLS | H1: AHH_L | I1: AHH_P | J1: GK | K1: PKKP | L1: TPT | M1: TPAK | N1: GR | Q1: RV
A2: DKI JAKARTA | B2: Kep. Seribu | C2: ='2020'!C2*'Bobot M'!$J2 -> 0.034100519 | D2: ='2020'!D2*'Bobot M'!$J2 -> 0.044459688 | E2: ='2020'!E2*'Bobot M'!$J2 -> 0.0070790829 | F2: ='2020'!F2*'Bobot M'!$J2 -> 1.764415 | G2: ='2020'!G2*'Bobot M'!$J2 -> 0.0041322421 | H2: ='2020'!H2*'Bobot M'!$J2 -> 0.031739237 | I2: ='2020'!I2*'Bobot M'!$J2 -> 0.033676821 | J2: ='2020'!J2*'Bobot M'!$J2 -> 315.08441 | ... N2: ='2020'!N2*'Bobot M'!$J2 -> 0.00014567582 | Q2: =CORREL(C$2:C$42,C$2:C$42) -> 1 | R2: =CORREL(C$2:C$42,D$2:D$42) -> 0.99704062 | S2: =CORREL(C$2:C$42,E$2:E$42) -> 0.80419513 | T2: =CORREL(C$2:C$42,F$2:F$42) -> 0.74424211 | U2: =CORREL(C$2:C$42,G$2:G$42) -> 0.98878506 | V2: =CORREL(C$2:C$42,H$2:H$42) -> 0.99530689 | W2: =CORREL(C$2:C$42,I$2:I$42) -> 0.9950606 | X2: =CORREL(C$2:C$42,J$2:J$42) -> 0.96085378 | Y2: =CORREL(C$2:C$42,K$2:K$42) -> 0.8170888 | Z2: =CORREL(C$2:C$42,L$2:L$42) -> 0.95765212 | AA2: =CORREL(C$2:C$42,M$2:M$42) -> 0.98959602 | AB2: =CORREL(C$2:C$42,N$2:N$42) -> 0.99164693
A3: DKI JAKARTA | B3: Kota Jakarta Selatan | C3: ='2020'!C3*'Bobot M'!$J3 -> 3.1992431 | D3: ='2020'!D3*'Bobot M'!$J3 -> 3.6304914 | E3: ='2020'!E3*'Bobot M'!$J3 -> 0.12952554 | F3: ='2020'!F3*'Bobot M'!$J3 -> 15832.22 | G3: ='2020'!G3*'Bobot M'!$J3 -> 0.43917844 | H3: ='2020'!H3*'Bobot M'!$J3 -> 2.7275889 | I3: ='2020'!I3*'Bobot M'!$J3 -> 2.8714642 | J3: ='2020'!J3*'Bobot M'!$J3 -> 29557.918 | ... N3: ='2020'!N3*'Bobot M'!$J3 -> 0.016124608 | Q3: =R2 -> 0.99704062 | R3: =CORREL(D$2:D$42,D$2:D$42) -> 1 | S3: =CORREL(D$2:D$42,E$2:E$42) -> 0.83548087 | T3: =CORREL(D$2:D$42,F$2:F$42) -> 0.7151433 | U3: =CORREL(D$2:D$42,G$2:G$42) -> 0.9767906 | V3: =CORREL(D$2:D$42,H$2:H$42) -> 0.99855774 | W3: =CORREL(D$2:D$42,I$2:I$42) -> 0.99849503 | X3: =CORREL(D$2:D$42,J$2:J$42) -> 0.94157599 | Y3: =CORREL(D$2:D$42,K$2:K$42) -> 0.85288784 | Z3: =CORREL(D$2:D$42,L$2:L$42) -> 0.96125492 | AA3: =CORREL(D$2:D$42,M$2:M$42) -> 0.99542407 | AB3: =CORREL(D$2:D$42,N$2:N$42) -> 0.99509453
A4: DKI JAKARTA | B4: Kota Jakarta Timur | C4: ='2020'!C4*'Bobot M'!$J4 -> 4.2791699 | D4: ='2020'!D4*'Bobot M'!$J4 -> 4.9428399 | E4: ='2020'!E4*'Bobot M'!$J4 -> 0.21535624 | F4: ='2020'!F4*'Bobot M'!$J4 -> 15505.399 | G4: ='2020'!G4*'Bobot M'!$J4 -> 0.6036187 | H4: ='2020'!H4*'Bobot M'!$J4 -> 3.7583806 | I4: ='2020'!I4*'Bobot M'!$J4 -> 3.9457819 | J4: ='2020'!J4*'Bobot M'!$J4 -> 30126.785 | ... N4: ='2020'!N4*'Bobot M'!$J4 -> 0.018791903 | Q4: =S2 -> 0.80419513 | R4: =S3 -> 0.83548087 | S4: =CORREL(E$2:E$42,E$2:E$42) -> 1 | T4: =CORREL(E$2:E$42,F$2:F$42) -> 0.35769729 | U4: =CORREL(E$2:E$42,G$2:G$42) -> 0.71760498 | V4: =CORREL(E$2:E$42,H$2:H$42) -> 0.85154281 | W4: =CORREL(E$2:E$42,I$2:I$42) -> 0.85287114 | X4: =CORREL(E$2:E$42,J$2:J$42) -> 0.66064628 | Y4: =CORREL(E$2:E$42,K$2:K$42) -> 0.94897572 | Z4: =CORREL(E$2:E$42,L$2:L$42) -> 0.83052659 | AA4: =CORREL(E$2:E$42,M$2:M$42) -> 0.87039661 | AB4: =CORREL(E$2:E$42,N$2:N$42) -> 0.8371468
A5: DKI JAKARTA | B5: Kota Jakarta Pusat | C5: ='2020'!C5*'Bobot M'!$J5 -> 1.441227 | D5: ='2020'!D5*'Bobot M'!$J5 -> 1.6999361 | E5: ='2020'!E5*'Bobot M'!$J5 -> 0.07986158 | F5: ='2020'!F5*'Bobot M'!$J5 -> 7959.9177 | G5: ='2020'!G5*'Bobot M'!$J5 -> 0.20151325 | H5: ='2020'!H5*'Bobot M'!$J5 -> 1.2788477 | I5: ='2020'!I5*'Bobot M'!$J5 -> 1.3443661 | J5: ='2020'!J5*'Bobot M'!$J5 -> 11905.361 | ... N5: ='2020'!N5*'Bobot M'!$J5 -> 0.0069059903 | Q5: =T2 -> 0.74424211 | R5: =T3 -> 0.7151433 | S5: =T4 -> 0.35769729 | T5: =CORREL(F$2:F$42,F$2:F$42) -> 1 | U5: =CORREL(F$2:F$42,G$2:G$42) -> 0.79056414 | V5: =CORREL(F$2:F$42,H$2:H$42) -> 0.69601472 | W5: =CORREL(F$2:F$42,I$2:I$42) -> 0.69513412 | X5: =CORREL(F$2:F$42,J$2:J$42) -> 0.81921085 | Y5: =CORREL(F$2:F$42,K$2:K$42) -> 0.36298173 | Z5: =CORREL(F$2:F$42,L$2:L$42) -> 0.7097933 | AA5: =CORREL(F$2:F$42,M$2:M$42) -> 0.67832811 | AB5: =CORREL(F$2:F$42,N$2:N$42) -> 0.71761134
A6: DKI JAKARTA | B6: Kota Jakarta Barat | C6: ='2020'!C6*'Bobot M'!$J6 -> 3.3660435 | D6: ='2020'!D6*'Bobot M'!$J6 -> 3.9360125 | E6: ='2020'!E6*'Bobot M'!$J6 -> 0.1757887 | F6: ='2020'!F6*'Bobot M'!$J6 -> 13077.547 | G6: ='2020'!G6*'Bobot M'!$J6 -> 0.43967857 | H6: ='2020'!H6*'Bobot M'!$J6 -> 2.9664861 | I6: ='2020'!I6*'Bobot M'!$J6 -> 3.1199393 | J6: ='2020'!J6*'Bobot M'!$J6 -> 23071.874 | ... N6: ='2020'!N6*'Bobot M'!$J6 -> 0.015717578 | Q6: =U2 -> 0.98878506 | R6: =U3 -> 0.9767906 | S6: =U4 -> 0.71760498 | T6: =U5 -> 0.79056414 | U6: =CORREL(G$2:G$42,G$2:G$42) -> 1 | V6: =CORREL(G$2:G$42,H$2:H$42) -> 0.97118772 | W6: =CORREL(G$2:G$42,I$2:I$42) -> 0.97055602 | X6: =CORREL(G$2:G$42,J$2:J$42) -> 0.97738754 | Y6: =CORREL(G$2:G$42,K$2:K$42) -> 0.73649492 | Z6: =CORREL(G$2:G$42,L$2:L$42) -> 0.93025501 | AA6: =CORREL(G$2:G$42,M$2:M$42) -> 0.95943609 | AB6: =CORREL(G$2:G$42,N$2:N$42) -> 0.97217701
A7: DKI JAKARTA | B7: Kota Jakarta Utara | C7: ='2020'!C7*'Bobot M'!$J7 -> 2.4188444 | D7: ='2020'!D7*'Bobot M'!$J7 -> 2.8177172 | E7: ='2020'!E7*'Bobot M'!$J7 -> 0.20425663 | F7: ='2020'!F7*'Bobot M'!$J7 -> 9402.4503 | G7: ='2020'!G7*'Bobot M'!$J7 -> 0.32536455 | H7: ='2020'!H7*'Bobot M'!$J7 -> 2.1498161 | I7: ='2020'!I7*'Bobot M'!$J7 -> 2.2633924 | J7: ='2020'!J7*'Bobot M'!$J7 -> 17902.28 | ... N7: ='2020'!N7*'Bobot M'!$J7 -> 0.012442181 | Q7: =V2 -> 0.99530689 | R7: =V3 -> 0.99855774 | S7: =V4 -> 0.85154281 | T7: =V5 -> 0.69601472 | U7: =V6 -> 0.97118772 | V7: =CORREL(H$2:H$42,H$2:H$42) -> 1 | W7: =CORREL(H$2:H$42,I$2:I$42) -> 0.99999346 | X7: =CORREL(H$2:H$42,J$2:J$42) -> 0.93532683 | Y7: =CORREL(H$2:H$42,K$2:K$42) -> 0.86319063 | Z7: =CORREL(H$2:H$42,L$2:L$42) -> 0.96292382 | AA7: =CORREL(H$2:H$42,M$2:M$42) -> 0.99719637 | AB7: =CORREL(H$2:H$42,N$2:N$42) -> 0.99427929
A8: JAWA BARAT | B8: Bogor | C8: ='2020'!C8*'Bobot M'!$J8 -> 6.5081971 | D8: ='2020'!D8*'Bobot M'!$J8 -> 8.2489549 | E8: ='2020'!E8*'Bobot M'!$J8 -> 0.71090959 | F8: ='2020'!F8*'Bobot M'!$J8 -> 14247.183 | G8: ='2020'!G8*'Bobot M'!$J8 -> 0.76730164 | H8: ='2020'!H8*'Bobot M'!$J8 -> 6.4009597 | I8: ='2020'!I8*'Bobot M'!$J8 -> 6.7541034 | J8: ='2020'!J8*'Bobot M'!$J8 -> 37244.36 | ... N8: ='2020'!N8*'Bobot M'!$J8 -> 0.035221919 | Q8: =W2 -> 0.9950606 | R8: =W3 -> 0.99849503 | S8: =W4 -> 0.85287114 | T8: =W5 -> 0.69513412 | U8: =W6 -> 0.97055602 | V8: =W7 -> 0.99999346 | W8: =CORREL(I$2:I$42,I$2:I$42) -> 1 | X8: =CORREL(I$2:I$42,J$2:J$42) -> 0.93462309 | Y8: =CORREL(I$2:I$42,K$2:K$42) -> 0.86438155 | Z8: =CORREL(I$2:I$42,L$2:L$42) -> 0.9632059 | AA8: =CORREL(I$2:I$42,M$2:M$42) -> 0.99734478 | AB8: =CORREL(I$2:I$42,N$2:N$42) -> 0.99425802
A9: JAWA BARAT | B9: Sukabumi | C9: ='2020'!C9*'Bobot M'!$J9 -> 3.0896886 | D9: ='2020'!D9*'Bobot M'!$J9 -> 4.0362753 | E9: ='2020'!E9*'Bobot M'!$J9 -> 0.32754025 | F9: ='2020'!F9*'Bobot M'!$J9 -> 2134.5683 | G9: ='2020'!G9*'Bobot M'!$J9 -> 0.3266163 | H9: ='2020'!H9*'Bobot M'!$J9 -> 3.1890132 | I9: ='2020'!I9*'Bobot M'!$J9 -> 3.3664116 | J9: ='2020'!J9*'Bobot M'!$J9 -> 15165.899 | ... N9: ='2020'!N9*'Bobot M'!$J9 -> 0.015429964 | Q9: =X2 -> 0.96085378 | R9: =X3 -> 0.94157599 | S9: =X4 -> 0.66064628 | T9: =X5 -> 0.81921085 | U9: =X6 -> 0.97738754 | V9: =X7 -> 0.93532683 | W9: =X8 -> 0.93462309 | X9: =CORREL(J$2:J$42,J$2:J$42) -> 1 | Y9: =CORREL(J$2:J$42,K$2:K$42) -> 0.64683112 | Z9: =CORREL(J$2:J$42,L$2:L$42) -> 0.89928601 | AA9: =CORREL(J$2:J$42,M$2:M$42) -> 0.9263061 | AB9: =CORREL(J$2:J$42,N$2:N$42) -> 0.92916172
A10: JAWA BARAT | B10: Cianjur | C10: ='2020'!C10*'Bobot M'!$J10 -> 2.7522204 | D10: ='2020'!D10*'Bobot M'!$J10 -> 3.5430206 | E10: ='2020'!E10*'Bobot M'!$J10 -> 0.43624546 | F10: ='2020'!F10*'Bobot M'!$J10 -> 1338.7312 | G10: ='2020'!G10*'Bobot M'!$J10 -> 0.30234 | H10: ='2020'!H10*'Bobot M'!$J10 -> 2.8705457 | I10: ='2020'!I10*'Bobot M'!$J10 -> 3.033085 | J10: ='2020'!J10*'Bobot M'!$J10 -> 15651.738 | ... N10: ='2020'!N10*'Bobot M'!$J10 -> 0.014738022 | Q10: =Y2 -> 0.8170888 | R10: =Y3 -> 0.85288784 | S10: =Y4 -> 0.94897572 | T10: =Y5 -> 0.36298173 | U10: =Y6 -> 0.73649492 | V10: =Y7 -> 0.86319063 | W10: =Y8 -> 0.86438155 | X10: =Y9 -> 0.64683112 | Y10: =CORREL(K$2:K$42,K$2:K$42) -> 1 | Z10: =CORREL(K$2:K$42,L$2:L$42) -> 0.8275468 | AA10: =CORREL(K$2:K$42,M$2:M$42) -> 0.87518736 | AB10: =CORREL(K$2:K$42,N$2:N$42) -> 0.86099427
A11: JAWA BARAT | B11: Bandung | C11: ='2020'!C11*'Bobot M'!$J11 -> 4.4431981 | D11: ='2020'!D11*'Bobot M'!$J11 -> 5.7665211 | E11: ='2020'!E11*'Bobot M'!$J11 -> 0.42412625 | F11: ='2020'!F11*'Bobot M'!$J11 -> 4975.4103 | G11: ='2020'!G11*'Bobot M'!$J11 -> 0.54995242 | H11: ='2020'!H11*'Bobot M'!$J11 -> 4.3990055 | I11: ='2020'!I11*'Bobot M'!$J11 -> 4.6242651 | J11: ='2020'!J11*'Bobot M'!$J11 -> 22550.688 | ... N11: ='2020'!N11*'Bobot M'!$J11 -> 0.025410748 | Q11: =Z2 -> 0.95765212 | R11: =Z3 -> 0.96125492 | S11: =Z4 -> 0.83052659 | T11: =Z5 -> 0.7097933 | U11: =Z6 -> 0.93025501 | V11: =Z7 -> 0.96292382 | W11: =Z8 -> 0.9632059 | X11: =Z9 -> 0.89928601 | Y11: =Z10 -> 0.8275468 | Z11: =CORREL(L$2:L$42,L$2:L$42) -> 1 | AA11: =CORREL(L$2:L$42,M$2:M$42) -> 0.95923256 | AB11: =CORREL(L$2:L$42,N$2:N$42) -> 0.96502985
A12: JAWA BARAT | B12: Garut | C12: ='2020'!C12*'Bobot M'!$J12 -> 2.9155297 | D12: ='2020'!D12*'Bobot M'!$J12 -> 3.628538 | E12: ='2020'!E12*'Bobot M'!$J12 -> 0.44006331 | F12: ='2020'!F12*'Bobot M'!$J12 -> 1701.9792 | G12: ='2020'!G12*'Bobot M'!$J12 -> 0.33159079 | H12: ='2020'!H12*'Bobot M'!$J12 -> 3.0641282 | I12: ='2020'!I12*'Bobot M'!$J12 -> 3.2321283 | J12: ='2020'!J12*'Bobot M'!$J12 -> 13688.57 | ... N12: ='2020'!N12*'Bobot M'!$J12 -> 0.015521271 | Q12: =AA2 -> 0.98959602 | R12: =AA3 -> 0.99542407 | S12: =AA4 -> 0.87039661 | T12: =AA5 -> 0.67832811 | U12: =AA6 -> 0.95943609 | V12: =AA7 -> 0.99719637 | W12: =AA8 -> 0.99734478 | X12: =AA9 -> 0.9263061 | Y12: =AA10 -> 0.87518736 | Z12: =AA11 -> 0.95923256 | AA12: =CORREL(M$2:M$42,M$2:M$42) -> 1 | AB12: =CORREL(M$2:M$42,N$2:N$42) -> 0.98945737
A13: JAWA BARAT | B13: Tasikmalaya | C13: ='2020'!C13*'Bobot M'!$J13 -> 2.0684957 | D13: ='2020'!D13*'Bobot M'!$J13 -> 2.7094869 | E13: ='2020'!E13*'Bobot M'!$J13 -> 0.32569279 | F13: ='2020'!F13*'Bobot M'!$J13 -> 766.82258 | G13: ='2020'!G13*'Bobot M'!$J13 -> 0.23151277 | H13: ='2020'!H13*'Bobot M'!$J13 -> 2.1264527 | I13: ='2020'!I13*'Bobot M'!$J13 -> 2.2486662 | J13: ='2020'!J13*'Bobot M'!$J13 -> 10201.681 | ... N13: ='2020'!N13*'Bobot M'!$J13 -> 0.010803929 | Q13: =AB2 -> 0.99164693 | R13: =AB3 -> 0.99509453 | S13: =AB4 -> 0.8371468 | T13: =AB5 -> 0.71761134 | U13: =AB6 -> 0.97217701 | V13: =AB7 -> 0.99427929 | W13: =AB8 -> 0.99425802 | X13: =AB9 -> 0.92916172 | Y13: =AB10 -> 0.86099427 | Z13: =AB11 -> 0.96502985 | AA13: =AB12 -> 0.98945737 | AB13: =CORREL(N$2:N$42,N$2:N$42) -> 1
A14: JAWA BARAT | B14: Ciamis | C14: ='2020'!C14*'Bobot M'!$J14 -> 1.4589769 | D14: ='2020'!D14*'Bobot M'!$J14 -> 1.7926229 | E14: ='2020'!E14*'Bobot M'!$J14 -> 0.15771605 | F14: ='2020'!F14*'Bobot M'!$J14 -> 454.73572 | G14: ='2020'!G14*'Bobot M'!$J14 -> 0.15937186 | H14: ='2020'!H14*'Bobot M'!$J14 -> 1.4471793 | I14: ='2020'!I14*'Bobot M'!$J14 -> 1.5258303 | J14: ='2020'!J14*'Bobot M'!$J14 -> 7825.9447 | ... N14: ='2020'!N14*'Bobot M'!$J14 -> 0.0069544083 | Q14: =SUMSQ(Q2:AB13) - 12 -> 103.80473
A15: JAWA BARAT | B15: Kuningan | C15: ='2020'!C15*'Bobot M'!$J15 -> 1.3732178 | D15: ='2020'!D15*'Bobot M'!$J15 -> 1.7182047 | E15: ='2020'!E15*'Bobot M'!$J15 -> 0.25374247 | F15: ='2020'!F15*'Bobot M'!$J15 -> 334.15548 | G15: ='2020'!G15*'Bobot M'!$J15 -> 0.14983077 | H15: ='2020'!H15*'Bobot M'!$J15 -> 1.4195328 | I15: ='2020'!I15*'Bobot M'!$J15 -> 1.4927658 | J15: ='2020'!J15*'Bobot M'!$J15 -> 6974.1178 | ... N15: ='2020'!N15*'Bobot M'!$J15 -> 0.0071451663
A16: JAWA BARAT | B16: Cirebon | C16: ='2020'!C16*'Bobot M'!$J16 -> 2.6676827 | D16: ='2020'!D16*'Bobot M'!$J16 -> 3.2388579 | E16: ='2020'!E16*'Bobot M'!$J16 -> 0.43614187 | F16: ='2020'!F16*'Bobot M'!$J16 -> 1292.2857 | G16: ='2020'!G16*'Bobot M'!$J16 -> 0.26851439 | H16: ='2020'!H16*'Bobot M'!$J16 -> 2.7192903 | I16: ='2020'!I16*'Bobot M'!$J16 -> 2.8663523 | J16: ='2020'!J16*'Bobot M'!$J16 -> 15266.983 | ... N16: ='2020'!N16*'Bobot M'!$J16 -> 0.013115298
A17: JAWA BARAT | B17: Majalengka | C17: ='2020'!C17*'Bobot M'!$J17 -> 1.4941191 | D17: ='2020'!D17*'Bobot M'!$J17 -> 1.8990941 | E17: ='2020'!E17*'Bobot M'!$J17 -> 0.25266727 | F17: ='2020'!F17*'Bobot M'!$J17 -> 480.89766 | G17: ='2020'!G17*'Bobot M'!$J17 -> 0.16070788 | H17: ='2020'!H17*'Bobot M'!$J17 -> 1.5100351 | I17: ='2020'!I17*'Bobot M'!$J17 -> 1.5955839 | J17: ='2020'!J17*'Bobot M'!$J17 -> 10018.291 | ... N17: ='2020'!N17*'Bobot M'!$J17 -> 0.0074274894 | Q17: V
A18: JAWA BARAT | B18: Sumedang | C18: ='2020'!C18*'Bobot M'!$J18 -> 1.3940196 | D18: ='2020'!D18*'Bobot M'!$J18 -> 1.8520768 | E18: ='2020'!E18*'Bobot M'!$J18 -> 0.19964602 | F18: ='2020'!F18*'Bobot M'!$J18 -> 460.48977 | G18: ='2020'!G18*'Bobot M'!$J18 -> 0.16559334 | H18: ='2020'!H18*'Bobot M'!$J18 -> 1.3722259 | I18: ='2020'!I18*'Bobot M'!$J18 -> 1.4457797 | J18: ='2020'!J18*'Bobot M'!$J18 -> 6870.703 | ... N18: ='2020'!N18*'Bobot M'!$J18 -> 0.0074721318 | Q18: {=MINVERSE(Q2:AB13)} -> 3530.884 | R18: -732.93107 | S18: 0.024790203 | T18: -62.813708 | U18: -976.00944 | V18: -10932.932 | W18: 9458.4515 | X18: -216.58349 | Y18: -63.679157 | Z18: -70.550262 | AA18: -224.97711 | AB18: 234.85747
A19: JAWA BARAT | B19: Indramayu | C19: ='2020'!C19*'Bobot M'!$J19 -> 2.0981421 | D19: ='2020'!D19*'Bobot M'!$J19 -> 2.7485693 | E19: ='2020'!E19*'Bobot M'!$J19 -> 0.39599353 | F19: ='2020'!F19*'Bobot M'!$J19 -> 1845.8911 | G19: ='2020'!G19*'Bobot M'!$J19 -> 0.19643774 | H19: ='2020'!H19*'Bobot M'!$J19 -> 2.1739109 | I19: ='2020'!I19*'Bobot M'!$J19 -> 2.2923972 | J19: ='2020'!J19*'Bobot M'!$J19 -> 14804.764 | ... N19: ='2020'!N19*'Bobot M'!$J19 -> 0.0099466092 | Q19: -732.93107 | R19: 925.40058 | S19: 41.08845 | T19: -3.2805759 | U19: 106.92117 | V19: 1104.7346 | W19: -1184.2401 | X19: 41.288708 | Y19: -40.549639 | Z19: 10.363197 | AA19: -168.90995 | AB19: -97.338361
A20: JAWA BARAT | B20: Subang | C20: ='2020'!C20*'Bobot M'!$J20 -> 1.8770542 | D20: ='2020'!D20*'Bobot M'!$J20 -> 2.4645354 | E20: ='2020'!E20*'Bobot M'!$J20 -> 0.25344996 | F20: ='2020'!F20*'Bobot M'!$J20 -> 771.62907 | G20: ='2020'!G20*'Bobot M'!$J20 -> 0.19328622 | H20: ='2020'!H20*'Bobot M'!$J20 -> 1.9181615 | I20: ='2020'!I20*'Bobot M'!$J20 -> 2.0205216 | J20: ='2020'!J20*'Bobot M'!$J20 -> 9579.51 | ... N20: ='2020'!N20*'Bobot M'!$J20 -> 0.0095281938 | Q20: 0.024790203 | R20: 41.08845 | S20: 20.897994 | T20: 0.34000765 | U20: 16.706167 | V20: 72.742798 | W20: -105.09123 | X20: -2.7761907 | Y20: -8.7517627 | Z20: -2.0847419 | AA20: -28.052898 | AB20: -2.8466382
A21: JAWA BARAT | B21: Purwakarta | C21: ='2020'!C21*'Bobot M'!$J21 -> 1.2061068 | D21: ='2020'!D21*'Bobot M'!$J21 -> 1.4741684 | E21: ='2020'!E21*'Bobot M'!$J21 -> 0.14084303 | F21: ='2020'!F21*'Bobot M'!$J21 -> 771.37089 | G21: ='2020'!G21*'Bobot M'!$J21 -> 0.13777752 | H21: ='2020'!H21*'Bobot M'!$J21 -> 1.1759627 | I21: ='2020'!I21*'Bobot M'!$J21 -> 1.2413602 | J21: ='2020'!J21*'Bobot M'!$J21 -> 6442.4532 | ... N21: ='2020'!N21*'Bobot M'!$J21 -> 0.0070506669 | Q21: -62.813708 | R21: -3.2805759 | S21: 0.34000765 | T21: 6.5387775 | U21: 18.426419 | V21: 437.70697 | W21: -395.40532 | X21: 1.0001342 | Y21: 4.8420195 | Z21: 0.32442654 | AA21: 8.654029 | AB21: -13.379348
A22: JAWA BARAT | B22: Karawang | C22: ='2020'!C22*'Bobot M'!$J22 -> 2.9358839 | D22: ='2020'!D22*'Bobot M'!$J22 -> 3.7444361 | E22: ='2020'!E22*'Bobot M'!$J22 -> 0.34319843 | F22: ='2020'!F22*'Bobot M'!$J22 -> 6552.7877 | G22: ='2020'!G22*'Bobot M'!$J22 -> 0.3228392 | H22: ='2020'!H22*'Bobot M'!$J22 -> 2.9188486 | I22: ='2020'!I22*'Bobot M'!$J22 -> 3.0759055 | J22: ='2020'!J22*'Bobot M'!$J22 -> 19368.358 | ... N22: ='2020'!N22*'Bobot M'!$J22 -> 0.013586669 | Q22: -976.00944 | R22: 106.92117 | S22: 16.706167 | T22: 18.426419 | U22: 454.41112 | V22: 1493.4668 | W22: -1163.2792 | X22: 25.368273 | Y22: 44.269174 | Z22: 32.840066 | AA22: 118.32215 | AB22: -146.293
A23: JAWA BARAT | B23: Bekasi | C23: ='2020'!C23*'Bobot M'!$J23 -> 3.9358393 | D23: ='2020'!D23*'Bobot M'!$J23 -> 4.7068536 | E23: ='2020'!E23*'Bobot M'!$J23 -> 0.25611915 | F23: ='2020'!F23*'Bobot M'!$J23 -> 12910.711 | G23: ='2020'!G23*'Bobot M'!$J23 -> 0.48460719 | H23: ='2020'!H23*'Bobot M'!$J23 -> 3.8157502 | I23: ='2020'!I23*'Bobot M'!$J23 -> 4.0118248 | J23: ='2020'!J23*'Bobot M'!$J23 -> 27560.28 | ... N23: ='2020'!N23*'Bobot M'!$J23 -> 0.019766872 | Q23: -10932.932 | R23: 1104.7346 | S23: 72.742798 | T23: 437.70697 | U23: 1493.4668 | V23: 282587.45 | W23: -280909.96 | X23: 1172.0293 | Y23: 1031.2159 | Z23: 1038.8378 | AA23: 3953.0386 | AB23: -649.23284
A24: JAWA BARAT | B24: Bandung Barat | C24: ='2020'!C24*'Bobot M'!$J24 -> 2.0787763 | D24: ='2020'!D24*'Bobot M'!$J24 -> 2.4140431 | E24: ='2020'!E24*'Bobot M'!$J24 -> 0.32030499 | F24: ='2020'!F24*'Bobot M'!$J24 -> 935.584 | G24: ='2020'!G24*'Bobot M'!$J24 -> 0.25007606 | H24: ='2020'!H24*'Bobot M'!$J24 -> 2.150532 | I24: ='2020'!I24*'Bobot M'!$J24 -> 2.2656463 | J24: ='2020'!J24*'Bobot M'!$J24 -> 11059.896 | ... N24: ='2020'!N24*'Bobot M'!$J24 -> 0.011480903 | Q24: 9458.4515 | R24: -1184.2401 | S24: -105.09123 | T24: -395.40532 | U24: -1163.2792 | V24: -280909.96 | W24: 280684.1 | X24: -1095.7603 | Y24: -1022.7591 | Z24: -1048.5114 | AA24: -4111.3099 | AB24: 510.7018
A25: JAWA BARAT | B25: Pangandaran | C25: ='2020'!C25*'Bobot M'!$J25 -> 0.48554079 | D25: ='2020'!D25*'Bobot M'!$J25 -> 0.64049151 | E25: ='2020'!E25*'Bobot M'!$J25 -> 0.064134759 | F25: ='2020'!F25*'Bobot M'!$J25 -> 55.209897 | G25: ='2020'!G25*'Bobot M'!$J25 -> 0.055217246 | H25: ='2020'!H25*'Bobot M'!$J25 -> 0.49574243 | I25: ='2020'!I25*'Bobot M'!$J25 -> 0.52285167 | J25: ='2020'!J25*'Bobot M'!$J25 -> 2727.0756 | ... N25: ='2020'!N25*'Bobot M'!$J25 -> 0.0023898937 | Q25: -216.58349 | R25: 41.288708 | S25: -2.7761907 | T25: 1.0001342 | U25: 25.368273 | V25: 1172.0293 | W25: -1095.7603 | X25: 68.97532 | Y25: 28.971695 | Z25: 6.2931976 | AA25: -20.579543 | AB25: 0.03187011
A26: JAWA BARAT | B26: Kota Bogor | C26: ='2020'!C26*'Bobot M'!$J26 -> 1.343762 | D26: ='2020'!D26*'Bobot M'!$J26 -> 1.6070059 | E26: ='2020'!E26*'Bobot M'!$J26 -> 0.11793891 | F26: ='2020'!F26*'Bobot M'!$J26 -> 567.85006 | G26: ='2020'!G26*'Bobot M'!$J26 -> 0.18238157 | H26: ='2020'!H26*'Bobot M'!$J26 -> 1.2666074 | I26: ='2020'!I26*'Bobot M'!$J26 -> 1.3319328 | J26: ='2020'!J26*'Bobot M'!$J26 -> 9664.6168 | ... N26: ='2020'!N26*'Bobot M'!$J26 -> 0.0072740763 | Q26: -63.679157 | R26: -40.549639 | S26: -8.7517627 | T26: 4.8420195 | U26: 44.269174 | V26: 1031.2159 | W26: -1022.7591 | X26: 28.971695 | Y26: 44.116544 | Z26: 11.923096 | AA26: 18.4109 | AB26: -38.744276
A27: JAWA BARAT | B27: Kota Sukabumi | C27: ='2020'!C27*'Bobot M'!$J27 -> 0.43911468 | D27: ='2020'!D27*'Bobot M'!$J27 -> 0.5405945 | E27: ='2020'!E27*'Bobot M'!$J27 -> 0.045562365 | F27: ='2020'!F27*'Bobot M'!$J27 -> 50.501562 | G27: ='2020'!G27*'Bobot M'!$J27 -> 0.056745854 | H27: ='2020'!H27*'Bobot M'!$J27 -> 0.41728025 | I27: ='2020'!I27*'Bobot M'!$J27 -> 0.43952889 | J27: ='2020'!J27*'Bobot M'!$J27 -> 3239.1587 | ... N27: ='2020'!N27*'Bobot M'!$J27 -> 0.0023491245 | Q27: -70.550262 | R27: 10.363197 | S27: -2.0847419 | T27: 0.32442654 | U27: 32.840066 | V27: 1038.8378 | W27: -1048.5114 | X27: 6.2931976 | Y27: 11.923096 | Z27: 23.285242 | AA27: 25.976098 | AB27: -25.455675
A28: JAWA BARAT | B28: Kota Bandung | C28: ='2020'!C28*'Bobot M'!$J28 -> 3.3710706 | D28: ='2020'!D28*'Bobot M'!$J28 -> 3.9157523 | E28: ='2020'!E28*'Bobot M'!$J28 -> 0.16501744 | F28: ='2020'!F28*'Bobot M'!$J28 -> 7988.0416 | G28: ='2020'!G28*'Bobot M'!$J28 -> 0.44459587 | H28: ='2020'!H28*'Bobot M'!$J28 -> 2.9963694 | I28: ='2020'!I28*'Bobot M'!$J28 -> 3.1419487 | J28: ='2020'!J28*'Bobot M'!$J28 -> 20697.571 | ... N28: ='2020'!N28*'Bobot M'!$J28 -> 0.016625818 | Q28: -224.97711 | R28: -168.90995 | S28: -28.052898 | T28: 8.654029 | U28: 118.32215 | V28: 3953.0386 | W28: -4111.3099 | X28: -20.579543 | Y28: 18.4109 | Z28: 25.976098 | AA28: 423.66801 | AB28: 9.7027588
A29: JAWA BARAT | B29: Kota Cirebon | C29: ='2020'!C29*'Bobot M'!$J29 -> 0.42253251 | D29: ='2020'!D29*'Bobot M'!$J29 -> 0.53255232 | E29: ='2020'!E29*'Bobot M'!$J29 -> 0.053712237 | F29: ='2020'!F29*'Bobot M'!$J29 -> 93.929896 | G29: ='2020'!G29*'Bobot M'!$J29 -> 0.055912634 | H29: ='2020'!H29*'Bobot M'!$J29 -> 0.39691764 | I29: ='2020'!I29*'Bobot M'!$J29 -> 0.41824455 | J29: ='2020'!J29*'Bobot M'!$J29 -> 2583.7956 | ... N29: ='2020'!N29*'Bobot M'!$J29 -> 0.0023752996 | Q29: 234.85747 | R29: -97.338361 | S29: -2.8466382 | T29: -13.379348 | U29: -146.293 | V29: -649.23284 | W29: 510.7018 | X29: 0.03187011 | Y29: -38.744276 | Z29: -25.455675 | AA29: 9.7027588 | AB29: 205.2155
A30: JAWA BARAT | B30: Kota Bekasi | C30: ='2020'!C30*'Bobot M'!$J30 -> 3.5212428 | D30: ='2020'!D30*'Bobot M'!$J30 -> 4.015945 | E30: ='2020'!E30*'Bobot M'!$J30 -> 0.1892398 | F30: ='2020'!F30*'Bobot M'!$J30 -> 2921.5185 | G30: ='2020'!G30*'Bobot M'!$J30 -> 0.48217263 | H30: ='2020'!H30*'Bobot M'!$J30 -> 3.1635018 | I30: ='2020'!I30*'Bobot M'!$J30 -> 3.3142887 | J30: ='2020'!J30*'Bobot M'!$J30 -> 28427.144 | ... N30: ='2020'!N30*'Bobot M'!$J30 -> 0.015208312
A31: JAWA BARAT | B31: Kota Depok | C31: ='2020'!C31*'Bobot M'!$J31 -> 2.8450113 | D31: ='2020'!D31*'Bobot M'!$J31 -> 3.2680561 | E31: ='2020'!E31*'Bobot M'!$J31 -> 0.086084694 | F31: ='2020'!F31*'Bobot M'!$J31 -> 1691.3334 | G31: ='2020'!G31*'Bobot M'!$J31 -> 0.39634096 | H31: ='2020'!H31*'Bobot M'!$J31 -> 2.5512692 | I31: ='2020'!I31*'Bobot M'!$J31 -> 2.6851397 | J31: ='2020'!J31*'Bobot M'!$J31 -> 24180.804 | ... N31: ='2020'!N31*'Bobot M'!$J31 -> 0.012086994
A32: JAWA BARAT | B32: Kota Cimahi | C32: ='2020'!C32*'Bobot M'!$J32 -> 0.7549742 | D32: ='2020'!D32*'Bobot M'!$J32 -> 0.89252443 | E32: ='2020'!E32*'Bobot M'!$J32 -> 0.049568524 | F32: ='2020'!F32*'Bobot M'!$J32 -> 216.71009 | G32: ='2020'!G32*'Bobot M'!$J32 -> 0.10631527 | H32: ='2020'!H32*'Bobot M'!$J32 -> 0.70026452 | I32: ='2020'!I32*'Bobot M'!$J32 -> 0.73499159 | J32: ='2020'!J32*'Bobot M'!$J32 -> 4960.49 | ... N32: ='2020'!N32*'Bobot M'!$J32 -> 0.0036861133 | Q32: baru
A33: JAWA BARAT | B33: Kota Tasikmalaya | C33: ='2020'!C33*'Bobot M'!$J33 -> 0.89069731 | D33: ='2020'!D33*'Bobot M'!$J33 -> 1.1175178 | E33: ='2020'!E33*'Bobot M'!$J33 -> 0.15816462 | F33: ='2020'!F33*'Bobot M'!$J33 -> 188.16371 | G33: ='2020'!G33*'Bobot M'!$J33 -> 0.11377609 | H33: ='2020'!H33*'Bobot M'!$J33 -> 0.85667423 | I33: ='2020'!I33*'Bobot M'!$J33 -> 0.90264807 | J33: ='2020'!J33*'Bobot M'!$J33 -> 5733.3152 | ... N33: ='2020'!N33*'Bobot M'!$J33 -> 0.0044632423 | Q33: =-(Q18)/SQRT(Q18*Q18) -> -1 | R33: =-(R18)/SQRT(Q18*R19) -> 0.40546794 | S33: =-(S18)/SQRT(Q18*S20) -> -9.1261176e-05 | T33: =-(T18)/SQRT(Q18*T21) -> 0.41339424 | U33: =-(U18)/SQRT(Q18*U22) -> 0.77052692 | V33: =-(V18)/SQRT(Q18*V23) -> 0.34611345 | W33: =-(W18)/SQRT(Q18*W24) -> -0.30044807 | X33: =-(X18)/SQRT(Q18*X25) -> 0.43887088 | Y33: =-(Y18)/SQRT(Q18*Y26) -> 0.16134475 | Z33: =-(Z18)/SQRT(Q18*Z27) -> 0.24604612 | AA33: =-(AA18)/SQRT(Q18*AA28) -> 0.18394321 | AB33: =-(AB18)/SQRT(Q18*AB29) -> -0.27590373
A34: JAWA BARAT | B34: Kota Banjar | C34: ='2020'!C34*'Bobot M'!$J34 -> 0.24485391 | D34: ='2020'!D34*'Bobot M'!$J34 -> 0.29768362 | E34: ='2020'!E34*'Bobot M'!$J34 -> 0.020797215 | F34: ='2020'!F34*'Bobot M'!$J34 -> 11.104688 | G34: ='2020'!G34*'Bobot M'!$J34 -> 0.029471259 | H34: ='2020'!H34*'Bobot M'!$J34 -> 0.23577007 | I34: ='2020'!I34*'Bobot M'!$J34 -> 0.24891774 | J34: ='2020'!J34*'Bobot M'!$J34 -> 1175.992 | ... N34: ='2020'!N34*'Bobot M'!$J34 -> 0.0010654731 | Q34: =R33 -> 0.40546794 | R34: =-(R19)/SQRT(R19*R19) -> -1 | S34: =-(S19)/SQRT(R19*S20) -> -0.29546264 | T34: =-(T19)/SQRT(R19*T21) -> 0.042173236 | U34: =-(U19)/SQRT(R19*U22) -> -0.16488242 | V34: =-(V19)/SQRT(R19*V23) -> -0.06831509 | W34: =-(W19)/SQRT(R19*W24) -> 0.073479465 | X34: =-(X19)/SQRT(R19*X25) -> -0.16342539 | Y34: =-(Y19)/SQRT(R19*Y26) -> 0.20068798 | Z34: =-(Z19)/SQRT(R19*Z27) -> -0.070597364 | AA34: =-(AA19)/SQRT(R19*AA28) -> 0.26975998 | AB34: =-(AB19)/SQRT(R19*AB29) -> 0.22336445
A35: BANTEN | B35: Pandeglang | C35: ='2020'!C35*'Bobot M'!$J35 -> 0.0014053801 | D35: ='2020'!D35*'Bobot M'!$J35 -> 0.0018747771 | E35: ='2020'!E35*'Bobot M'!$J35 -> 0.00021448263 | F35: ='2020'!F35*'Bobot M'!$J35 -> 0.42186657 | G35: ='2020'!G35*'Bobot M'!$J35 -> 0.00015351075 | H35: ='2020'!H35*'Bobot M'!$J35 -> 0.0013554351 | I35: ='2020'!I35*'Bobot M'!$J35 -> 0.0014386768 | J35: ='2020'!J35*'Bobot M'!$J35 -> 7.820681 | ... N35: ='2020'!N35*'Bobot M'!$J35 -> 6.594476e-06 | Q35: =S33 -> -9.1261176e-05 | R35: =S34 -> -0.29546264 | S35: =-(S20)/SQRT(S20*S20) -> -1 | T35: =-(T20)/SQRT(S20*T21) -> -0.029086275 | U35: =-(U20)/SQRT(S20*U22) -> -0.17143521 | V35: =-(V20)/SQRT(S20*V23) -> -0.02993376 | W35: =-(W20)/SQRT(S20*W24) -> 0.043391559 | X35: =-(X20)/SQRT(S20*X25) -> 0.073122349 | Y35: =-(Y20)/SQRT(S20*Y26) -> 0.2882322 | Z35: =-(Z20)/SQRT(S20*Z27) -> 0.094506049 | AA35: =-(AA20)/SQRT(S20*AA28) -> 0.29813475 | AB35: =-(AB20)/SQRT(S20*AB29) -> 0.043468523
A36: BANTEN | B36: Lebak | C36: ='2020'!C36*'Bobot M'!$J36 -> 0.0015078412 | D36: ='2020'!D36*'Bobot M'!$J36 -> 0.001882973 | E36: ='2020'!E36*'Bobot M'!$J36 -> 0.00021800114 | F36: ='2020'!F36*'Bobot M'!$J36 -> 0.48653984 | G36: ='2020'!G36*'Bobot M'!$J36 -> 0.00015099646 | H36: ='2020'!H36*'Bobot M'!$J36 -> 0.0015380405 | I36: ='2020'!I36*'Bobot M'!$J36 -> 0.0016309977 | J36: ='2020'!J36*'Bobot M'!$J36 -> 7.8921366 | ... N36: ='2020'!N36*'Bobot M'!$J36 -> 7.4082637e-06 | Q36: =T33 -> 0.41339424 | R36: =T34 -> 0.042173236 | S36: =T35 -> -0.029086275 | T36: =-(T21)/SQRT(T21*T21) -> -1 | U36: =-(U21)/SQRT(T21*U22) -> -0.33804008 | V36: =-(V21)/SQRT(T21*V23) -> -0.32200213 | W36: =-(W21)/SQRT(T21*W24) -> 0.29186722 | X36: =-(X21)/SQRT(T21*X25) -> -0.047093733 | Y36: =-(Y21)/SQRT(T21*Y26) -> -0.28508707 | Z36: =-(Z21)/SQRT(T21*Z27) -> -0.026292248 | AA36: =-(AA21)/SQRT(T21*AA28) -> -0.16442098 | AB36: =-(AB21)/SQRT(T21*AB29) -> 0.36524273
A37: BANTEN | B37: Tangerang | C37: ='2020'!C37*'Bobot M'!$J37 -> 0.0039762162 | D37: ='2020'!D37*'Bobot M'!$J37 -> 0.0050299798 | E37: ='2020'!E37*'Bobot M'!$J37 -> 0.00034443585 | F37: ='2020'!F37*'Bobot M'!$J37 -> 5.168218 | G37: ='2020'!G37*'Bobot M'!$J37 -> 0.00046385503 | H37: ='2020'!H37*'Bobot M'!$J37 -> 0.0037517523 | I37: ='2020'!I37*'Bobot M'!$J37 -> 0.0039701346 | J37: ='2020'!J37*'Bobot M'!$J37 -> 28.790083 | ... N37: ='2020'!N37*'Bobot M'!$J37 -> 1.5756696e-05 | Q37: =U33 -> 0.77052692 | R37: =U34 -> -0.16488242 | S37: =U35 -> -0.17143521 | T37: =U36 -> -0.33804008 | U37: =-(U22)/SQRT(U22*U22) -> -1 | V37: =-(V22)/SQRT(U22*V23) -> -0.1317937 | W37: =-(W22)/SQRT(U22*W24) -> 0.10300317 | X37: =-(X22)/SQRT(U22*X25) -> -0.14329122 | Y37: =-(Y22)/SQRT(U22*Y26) -> -0.31266279 | Z37: =-(Z22)/SQRT(U22*Z27) -> -0.31925607 | AA37: =-(AA22)/SQRT(U22*AA28) -> -0.26966759 | AB37: =-(AB22)/SQRT(U22*AB29) -> 0.47906451
A38: BANTEN | B38: Serang | C38: ='2020'!C38*'Bobot M'!$J38 -> 0.0018445185 | D38: ='2020'!D38*'Bobot M'!$J38 -> 0.002548035 | E38: ='2020'!E38*'Bobot M'!$J38 -> 0.00013661052 | F38: ='2020'!F38*'Bobot M'!$J38 -> 1.4619656 | G38: ='2020'!G38*'Bobot M'!$J38 -> 0.00020740463 | H38: ='2020'!H38*'Bobot M'!$J38 -> 0.0017333496 | I38: ='2020'!I38*'Bobot M'!$J38 -> 0.0018389877 | J38: ='2020'!J38*'Bobot M'!$J38 -> 9.4320436 | ... N38: ='2020'!N38*'Bobot M'!$J38 -> 8.379147e-06 | Q38: =V33 -> 0.34611345 | R38: =V34 -> -0.06831509 | S38: =V35 -> -0.02993376 | T38: =V36 -> -0.32200213 | U38: =V37 -> -0.1317937 | V38: =-(V23)/SQRT(V23*V23) -> -1 | W38: =-(W23)/SQRT(V23*W24) -> 0.99742856 | X38: =-(X23)/SQRT(V23*X25) -> -0.26546983 | Y38: =-(Y23)/SQRT(V23*Y26) -> -0.29206022 | Z38: =-(Z23)/SQRT(V23*Z27) -> -0.40497754 | AA38: =-(AA23)/SQRT(V23*AA28) -> -0.36127822 | AB38: =-(AB23)/SQRT(V23*AB29) -> 0.085254824
A39: BANTEN | B39: Kota Tangerang | C39: ='2020'!C39*'Bobot M'!$J39 -> 0.0025146435 | D39: ='2020'!D39*'Bobot M'!$J39 -> 0.00305485 | E39: ='2020'!E39*'Bobot M'!$J39 -> 0.00016775002 | F39: ='2020'!F39*'Bobot M'!$J39 -> 3.2912329 | G39: ='2020'!G39*'Bobot M'!$J39 -> 0.00034353405 | H39: ='2020'!H39*'Bobot M'!$J39 -> 0.0022369883 | I39: ='2020'!I39*'Bobot M'!$J39 -> 0.0023616761 | J39: ='2020'!J39*'Bobot M'!$J39 -> 20.336798 | ... N39: ='2020'!N39*'Bobot M'!$J39 -> 1.0894111e-05 | Q39: =W33 -> -0.30044807 | R39: =W34 -> 0.073479465 | S39: =W35 -> 0.043391559 | T39: =W36 -> 0.29186722 | U39: =W37 -> 0.10300317 | V39: =W38 -> 0.99742856 | W39: =-(W24)/SQRT(W24*W24) -> -1 | X39: =-(X24)/SQRT(W24*X25) -> 0.24903465 | Y39: =-(Y24)/SQRT(W24*Y26) -> 0.29064556 | Z39: =-(Z24)/SQRT(W24*Z27) -> 0.41013222 | AA39: =-(AA24)/SQRT(W24*AA28) -> 0.37701487 | AB39: =-(AB24)/SQRT(W24*AB29) -> -0.067290445
A40: BANTEN | B40: Kota Cilegon | C40: ='2020'!C40*'Bobot M'!$J40 -> 0.00054115395 | D40: ='2020'!D40*'Bobot M'!$J40 -> 0.00064612523 | E40: ='2020'!E40*'Bobot M'!$J40 -> 2.7335497e-05 | F40: ='2020'!F40*'Bobot M'!$J40 -> 0.54314759 | G40: ='2020'!G40*'Bobot M'!$J40 -> 7.31169e-05 | H40: ='2020'!H40*'Bobot M'!$J40 -> 0.00047900088 | I40: ='2020'!I40*'Bobot M'!$J40 -> 0.00050804022 | J40: ='2020'!J40*'Bobot M'!$J40 -> 3.7378589 | ... N40: ='2020'!N40*'Bobot M'!$J40 -> 2.7631817e-06 | Q40: =X33 -> 0.43887088 | R40: =X34 -> -0.16342539 | S40: =X35 -> 0.073122349 | T40: =X36 -> -0.047093733 | U40: =X37 -> -0.14329122 | V40: =X38 -> -0.26546983 | W40: =X39 -> 0.24903465 | X40: =-(X25)/SQRT(X25*X25) -> -1 | Y40: =-(Y25)/SQRT(X25*Y26) -> -0.52520191 | Z40: =-(Z25)/SQRT(X25*Z27) -> -0.15703054 | AA40: =-(AA25)/SQRT(X25*AA28) -> 0.12038601 | AB40: =-(AB25)/SQRT(X25*AB29) -> -0.00026787465
A41: BANTEN | B41: Kota Serang | C41: ='2020'!C41*'Bobot M'!$J41 -> 0.00085586016 | D41: ='2020'!D41*'Bobot M'!$J41 -> 0.0010944952 | E41: ='2020'!E41*'Bobot M'!$J41 -> 7.1875174e-05 | F41: ='2020'!F41*'Bobot M'!$J41 -> 0.26708459 | G41: ='2020'!G41*'Bobot M'!$J41 -> 0.00010389877 | H41: ='2020'!H41*'Bobot M'!$J41 -> 0.00078125705 | I41: ='2020'!I41*'Bobot M'!$J41 -> 0.00082952965 | J41: ='2020'!J41*'Bobot M'!$J41 -> 4.8817594 | ... N41: ='2020'!N41*'Bobot M'!$J41 -> 4.1749276e-06 | Q41: =Y33 -> 0.16134475 | R41: =Y34 -> 0.20068798 | S41: =Y35 -> 0.2882322 | T41: =Y36 -> -0.28508707 | U41: =Y37 -> -0.31266279 | V41: =Y38 -> -0.29206022 | W41: =Y39 -> 0.29064556 | X41: =Y40 -> -0.52520191 | Y41: =-(Y26)/SQRT(Y26*Y26) -> -1 | Z41: =-(Z26)/SQRT(Y26*Z27) -> -0.37200426 | AA41: =-(AA26)/SQRT(Y26*AA28) -> -0.13466708 | AB41: =-(AB26)/SQRT(Y26*AB29) -> 0.40719433
A42: BANTEN | B42: Kota Tangerang Selatan | C42: ='2020'!C42*'Bobot M'!$J42 -> 0.0018659291 | D42: ='2020'!D42*'Bobot M'!$J42 -> 0.0021461855 | E42: ='2020'!E42*'Bobot M'!$J42 -> 5.2519392e-05 | F42: ='2020'!F42*'Bobot M'!$J42 -> 1.3652996 | G42: ='2020'!G42*'Bobot M'!$J42 -> 0.00027085328 | H42: ='2020'!H42*'Bobot M'!$J42 -> 0.0016170927 | I42: ='2020'!I42*'Bobot M'!$J42 -> 0.0017042428 | J42: ='2020'!J42*'Bobot M'!$J42 -> 14.748615 | ... N42: ='2020'!N42*'Bobot M'!$J42 -> 8.4397975e-06 | Q42: =Z33 -> 0.24604612 | R42: =Z34 -> -0.070597364 | S42: =Z35 -> 0.094506049 | T42: =Z36 -> -0.026292248 | U42: =Z37 -> -0.31925607 | V42: =Z38 -> -0.40497754 | W42: =Z39 -> 0.41013222 | X42: =Z40 -> -0.15703054 | Y42: =Z41 -> -0.37200426 | Z42: =-(Z27)/SQRT(Z27*Z27) -> -1 | AA42: =-(AA27)/SQRT(Z27*AA28) -> -0.26152951 | AB42: =-(AB27)/SQRT(Z27*AB29) -> 0.36824694
A43: mean terbobot | C43: =SUM(C2:C42) -> 73.369089 | D43: =SUM(D2:D42) -> 89.904117 | E43: =SUM(E2:E42) -> 7.4377218 | F43: =SUM(F2:F42) -> 127551.9 | G43: =SUM(G2:G42) -> 8.9365384 | H43: =SUM(H2:H42) -> 70.678283 | I43: =SUM(I2:I42) -> 74.426023 | J43: =SUM(J2:J42) -> 466641.14 | ... N43: =SUM(N2:N42) -> 0.36831696 | Q43: =AA33 -> 0.18394321 | R43: =AA34 -> 0.26975998 | S43: =AA35 -> 0.29813475 | T43: =AA36 -> -0.16442098 | U43: =AA37 -> -0.26966759 | V43: =AA38 -> -0.36127822 | W43: =AA39 -> 0.37701487 | X43: =AA40 -> 0.12038601 | Y43: =AA41 -> -0.13466708 | Z43: =AA42 -> -0.26152951 | AA43: =-(AA28)/SQRT(AA28*AA28) -> -1 | AB43: =-(AB28)/SQRT(AA28*AB29) -> -0.032906168
A44: standar dev terbobot | C44: =C225 -> 6.1283498 | D44: =_xlfn.STDEV.P('2020'!D2:D42) -> 4.3625911 | E44: =_xlfn.STDEV.P('2020'!E2:E42) -> 3.1054712 | F44: =_xlfn.STDEV.P('2020'!F2:F42) -> 114358.95 | G44: =_xlfn.STDEV.P('2020'!G2:G42) -> 1.6318089 | H44: =_xlfn.STDEV.P('2020'!H2:H42) -> 2.5444511 | I44: =_xlfn.STDEV.P('2020'!I2:I42) -> 2.461943 | J44: =_xlfn.STDEV.P('2020'!J2:J42) -> 122257.45 | K44: =_xlfn.STDEV.P('2020'!K2:K42) -> 1.3055786 | ... N44: =_xlfn.STDEV.P('2020'!N2:N42) -> 0.035741554 | Q44: =AB33 -> -0.27590373 | R44: =AB34 -> 0.22336445 | S44: =AB35 -> 0.043468523 | T44: =AB36 -> 0.36524273 | U44: =AB37 -> 0.47906451 | V44: =AB38 -> 0.085254824 | W44: =AB39 -> -0.067290445 | X44: =AB40 -> -0.00026787465 | Y44: =AB41 -> 0.40719433 | Z44: =AB42 -> 0.36824694 | AA44: =AB43 -> -0.032906168 | AB44: =-(AB29)/SQRT(AB29*AB29) -> -1
A45: Z | C45: =ROUND(C44/C43*100,3)&"%" -> 8.353% | D45: =C44/C43 -> 0.08352768
A46: Provinsi | B46: Kabupaten/Kota | C46: IPM | D46: IPG | E46: PPM | F46: PDRB_ADHK | G46: RLS | H46: AHH_L | I46: AHH_P | J46: GK | K46: PKKP | L46: TPT | M46: TPAK | N46: GR | Q46: baru^kuadrat
A47: DKI JAKARTA | B47: Kep. Seribu | C47: =('2020'!C2-C$43)/C$44 -> -0.28377762 | D47: =('2020'!D2-D$43)/D$44 -> 0.79903964 | E47: =('2020'!E2-E$43)/E$44 -> 2.3932852 | F47: =('2020'!F2-F$43)/F$44 -> -1.0829554 | G47: =('2020'!G2-G$43)/G$44 -> -0.15721105 | H47: =('2020'!H2-H$43)/H$44 -> -1.5753035 | I47: =('2020'!I2-I$43)/I$44 -> -1.4972006 | J47: =('2020'!J2-J$43)/J$44 -> 1.5967196 | ... N47: =('2020'!N2-N$43)/N$44 -> -1.7435436 | Q47: =Q33^2 -> 1 | R47: =R33^2 -> 0.16440425 | S47: =S33^2 -> 8.3286023e-09 | T47: =T33^2 -> 0.1708948 | U47: =U33^2 -> 0.59371173 | V47: =V33^2 -> 0.11979452 | W47: =W33^2 -> 0.09026904 | X47: =X33^2 -> 0.19260765 | ... AB47: =AB33^2 -> 0.07612287
A48: DKI JAKARTA | B48: Kota Jakarta Selatan | C48: =('2020'!C3-C$43)/C$44 -> 1.8521971 | D48: =('2020'!D3-D$43)/D$44 -> 1.429399 | E48: =('2020'!E3-E$43)/E$44 -> -1.2905358 | F48: =('2020'!F3-F$43)/F$44 -> 2.5507866 | G48: =('2020'!G3-G$43)/G$44 -> 1.6505987 | H48: =('2020'!H3-H$43)/H$44 -> 0.60984363 | I48: =('2020'!I3-I$43)/I$44 -> 0.65557054 | J48: =('2020'!J3-J$43)/J$44 -> 2.5854446 | ... N48: =('2020'!N3-N$43)/N$44 -> 1.6418717 | Q48: =Q34^2 -> 0.16440425 | R48: =R34^2 -> 1 | S48: =S34^2 -> 0.087298173 | T48: =T34^2 -> 0.0017785819 | U48: =U34^2 -> 0.027186213 | V48: =V34^2 -> 0.0046669515 | W48: =W34^2 -> 0.0053992318 | X48: =X34^2 -> 0.02670786 | ... AB48: =AB34^2 -> 0.049891679
A49: DKI JAKARTA | B49: Kota Jakarta Timur | C49: =('2020'!C4-C$43)/C$44 -> 1.5160544 | D49: =('2020'!D4-D$43)/D$44 -> 1.2781127 | E49: =('2020'!E4-E$43)/E$44 -> -1.0554668 | F49: =('2020'!F4-F$43)/F$44 -> 1.5037149 | G49: =('2020'!G4-G$43)/G$44 -> 1.6689832 | H49: =('2020'!H4-H$43)/H$44 -> 0.75525809 | I49: =('2020'!I4-I$43)/I$44 -> 0.72868352 | J49: =('2020'!J4-J$43)/J$44 -> 0.94319701 | ... N49: =('2020'!N4-N$43)/N$44 -> -0.14876117 | Q49: =Q35^2 -> 8.3286023e-09 | R49: =R35^2 -> 0.087298173 | S49: =S35^2 -> 1 | T49: =T35^2 -> 0.00084601142 | U49: =U35^2 -> 0.029390032 | V49: =V35^2 -> 0.00089602998 | W49: =W35^2 -> 0.0018828274 | X49: =X35^2 -> 0.005346878 | ... AB49: =AB35^2 -> 0.0018895125
A50: DKI JAKARTA | B50: Kota Jakarta Pusat | C50: =('2020'!C5-C$43)/C$44 -> 1.3088208 | D50: =('2020'!D5-D$43)/D$44 -> 1.397308 | E50: =('2020'!E5-E$43)/E$44 -> -0.9427625 | F50: =('2020'!F5-F$43)/F$44 -> 2.8154004 | G50: =('2020'!G5-G$43)/G$44 -> 1.4973945 | H50: =('2020'!H5-H$43)/H$44 -> 0.60591351 | I50: =('2020'!I5-I$43)/I$44 -> 0.60682855 | J50: =('2020'!J5-J$43)/J$44 -> 1.6824076 | ... N50: =('2020'!N5-N$43)/N$44 -> 0.60666206 | Q50: =Q36^2 -> 0.1708948 | R50: =R36^2 -> 0.0017785819 | S50: =S36^2 -> 0.00084601142 | T50: =T36^2 -> 1 | U50: =U36^2 -> 0.11427109 | V50: =V36^2 -> 0.10368537 | W50: =W36^2 -> 0.085186476 | X50: =X36^2 -> 0.0022178197 | ... AB50: =AB36^2 -> 0.13340225
A51: DKI JAKARTA | B51: Kota Jakarta Barat | C51: =('2020'!C6-C$43)/C$44 -> 1.307189 | D51: =('2020'!D6-D$43)/D$44 -> 1.2047618 | E51: =('2020'!E6-E$43)/E$44 -> -1.0264857 | F51: =('2020'!F6-F$43)/F$44 -> 1.6493742 | G51: =('2020'!G6-G$43)/G$44 -> 1.0377818 | H51: =('2020'!H6-H$43)/H$44 -> 0.40940747 | I51: =('2020'!I6-I$43)/I$44 -> 0.40779876 | J51: =('2020'!J6-J$43)/J$44 -> 0.74565485 | ... N51: =('2020'!N6-N$43)/N$44 -> 0.32687568 | Q51: =Q37^2 -> 0.59371173 | R51: =R37^2 -> 0.027186213 | S51: =S37^2 -> 0.029390032 | T51: =T37^2 -> 0.11427109 | U51: =U37^2 -> 1 | V51: =V37^2 -> 0.01736958 | W51: =W37^2 -> 0.010609653 | X51: =X37^2 -> 0.020532373 | ... AB51: =AB37^2 -> 0.2295028
A52: DKI JAKARTA | B52: Kota Jakarta Utara | C52: =('2020'!C7-C$43)/C$44 -> 1.1293271 | D52: =('2020'!D7-D$43)/D$44 -> 0.83113066 | E52: =('2020'!E7-E$43)/E$44 -> -0.21179452 | F52: =('2020'!F7-F$43)/F$44 -> 1.6137668 | G52: =('2020'!G7-G$43)/G$44 -> 1.1419607 | H52: =('2020'!H7-H$43)/H$44 -> 0.26792312 | I52: =('2020'!I7-I$43)/I$44 -> 0.28594379 | J52: =('2020'!J7-J$43)/J$44 -> 1.0436899 | ... N52: =('2020'!N7-N$43)/N$44 -> 1.2501707 | Q52: =Q38^2 -> 0.11979452 | R52: =R38^2 -> 0.0046669515 | S52: =S38^2 -> 0.00089602998 | T52: =T38^2 -> 0.10368537 | U52: =U38^2 -> 0.01736958 | V52: =V38^2 -> 1 | W52: =W38^2 -> 0.99486374 | X52: =X38^2 -> 0.070474228 | ... AB52: =AB38^2 -> 0.007268385
A53: JAWA BARAT | B53: Bogor | C53: =('2020'!C8-C$43)/C$44 -> -0.48448418 | D53: =('2020'!D8-D$43)/D$44 -> -0.1545221 | E53: =('2020'!E8-E$43)/E$44 -> 0.081236692 | F53: =('2020'!F8-F$43)/F$44 -> 0.23226603 | G53: =('2020'!G8-G$43)/G$44 -> -0.39008146 | H53: =('2020'!H8-H$43)/H$44 -> -0.56526247 | I53: =('2020'!I8-I$43)/I$44 -> -0.55485552 | J53: =('2020'!J8-J$43)/J$44 -> -0.52155631 | ... N53: =('2020'!N8-N$43)/N$44 -> 0.35485431 | Q53: =Q39^2 -> 0.09026904 | R53: =R39^2 -> 0.0053992318 | S53: =S39^2 -> 0.0018828274 | T53: =T39^2 -> 0.085186476 | U53: =U39^2 -> 0.010609653 | V53: =V39^2 -> 0.99486374 | W53: =W39^2 -> 1 | X53: =X39^2 -> 0.062018257 | ... AB53: =AB39^2 -> 0.004528004
A54: JAWA BARAT | B54: Sukabumi | C54: =('2020'!C9-C$43)/C$44 -> -1.0588639 | D54: =('2020'!D9-D$43)/D$44 -> -0.58087423 | E54: =('2020'!E9-E$43)/E$44 -> -0.1119707 | F54: =('2020'!F9-F$43)/F$44 -> -0.71132707 | G54: =('2020'!G9-G$43)/G$44 -> -1.1438462 | H54: =('2020'!H9-H$43)/H$44 -> -0.647795 | I54: =('2020'!I9-I$43)/I$44 -> -0.63203034 | J54: =('2020'!J9-J$43)/J$44 -> -1.1316868 | ... N54: =('2020'!N9-N$43)/N$44 -> -0.96014168 | Q54: =Q40^2 -> 0.19260765 | R54: =R40^2 -> 0.02670786 | S54: =S40^2 -> 0.005346878 | T54: =T40^2 -> 0.0022178197 | U54: =U40^2 -> 0.020532373 | V54: =V40^2 -> 0.070474228 | W54: =W40^2 -> 0.062018257 | X54: =X40^2 -> 1 | ... AB54: =AB40^2 -> 7.175683e-08
A55: JAWA BARAT | B55: Cianjur | C55: =('2020'!C10-C$43)/C$44 -> -1.3068915 | D55: =('2020'!D10-D$43)/D$44 -> -1.3212599 | E55: =('2020'!E10-E$43)/E$44 -> 0.94100959 | F55: =('2020'!F10-F$43)/F$44 -> -0.8373597 | G55: =('2020'!G10-G$43)/G$44 -> -1.0764363 | H55: =('2020'!H10-H$43)/H$44 -> -0.98578539 | I55: =('2020'!I10-I$43)/I$44 -> -0.97322426 | J55: =('2020'!J10-J$43)/J$44 -> -0.77657554 | ... N55: =('2020'!N10-N$43)/N$44 -> -0.51248347 | Q55: =Q41^2 -> 0.026032128 | R55: =R41^2 -> 0.040275667 | S55: =S41^2 -> 0.083077799 | T55: =T41^2 -> 0.081274635 | U55: =U41^2 -> 0.097758018 | V55: =V41^2 -> 0.085299173 | W55: =W41^2 -> 0.084474842 | X55: =X41^2 -> 0.27583705 | ... AB55: =AB41^2 -> 0.16580722
A56: JAWA BARAT | B56: Bandung | C56: =('2020'!C11-C$43)/C$44 -> -0.15976381 | D56: =('2020'!D11-D$43)/D$44 -> 0.92740373 | E56: =('2020'!E11-E$43)/E$44 -> -0.16993292 | F56: =('2020'!F11-F$43)/F$44 -> -0.4065351 | G56: =('2020'!G11-G$43)/G$44 -> 0.014377668 | H56: =('2020'!H11-H$43)/H$44 -> 0.38975687 | I56: =('2020'!I11-I$43)/I$44 -> 0.37124227 | J56: =('2020'!J11-J$43)/J$44 -> -0.81171451 | ... N56: =('2020'!N11-N$43)/N$44 -> 1.2781494 | Q56: =Q42^2 -> 0.060538695 | R56: =R42^2 -> 0.0049839878 | S56: =S42^2 -> 0.0089313934 | T56: =T42^2 -> 0.0006912823 | U56: =U42^2 -> 0.10192444 | V56: =V42^2 -> 0.16400681 | W56: =W42^2 -> 0.16820844 | X56: =X42^2 -> 0.02465859 | ... AB56: =AB42^2 -> 0.13560581
A57: JAWA BARAT | B57: Garut | C57: =('2020'!C12-C$43)/C$44 -> -1.1828777 | D57: =('2020'!D12-D$43)/D$44 -> -1.7453198 | E57: =('2020'!E12-E$43)/E$44 -> 0.81864491 | F57: =('2020'!F12-F$43)/F$44 -> -0.77784438 | G57: =('2020'!G12-G$43)/G$44 -> -0.86807861 | H57: =('2020'!H12-H$43)/H$44 -> -0.46700945 | I57: =('2020'!I12-I$43)/I$44 -> -0.45737154 | J57: =('2020'!J12-J$43)/J$44 -> -1.2776657 | ... N57: =('2020'!N12-N$43)/N$44 -> -0.4565262 | Q57: =Q43^2 -> 0.033835106 | R57: =R43^2 -> 0.072770448 | S57: =S43^2 -> 0.08888433 | T57: =T43^2 -> 0.027034259 | U57: =U43^2 -> 0.07272061 | V57: =V43^2 -> 0.13052195 | W57: =W43^2 -> 0.14214021 | X57: =X43^2 -> 0.014492792 | ... AB57: =AB43^2 -> 0.0010828159
A58: JAWA BARAT | B58: Tasikmalaya | C58: =('2020'!C13-C$43)/C$44 -> -1.256307 | D58: =('2020'!D13-D$43)/D$44 -> -0.89032336 | E58: =('2020'!E13-E$43)/E$44 -> 0.93456935 | F58: =('2020'!F13-F$43)/F$44 -> -0.90248324 | G58: =('2020'!G13-G$43)/G$44 -> -0.97225748 | H58: =('2020'!H13-H$43)/H$44 -> -1.2451734 | I58: =('2020'!I13-I$43)/I$44 -> -1.2331815 | J58: =('2020'!J13-J$43)/J$44 -> -1.1677092 | ... N58: =('2020'!N13-N$43)/N$44 -> -0.70833394 | Q58: =Q44^2 -> 0.07612287 | R58: =R44^2 -> 0.049891679 | S58: =S44^2 -> 0.0018895125 | T58: =T44^2 -> 0.13340225 | U58: =U44^2 -> 0.2295028 | V58: =V44^2 -> 0.007268385 | W58: =W44^2 -> 0.004528004 | X58: =X44^2 -> 7.175683e-08 | ... AB58: =AB44^2 -> 1
A59: JAWA BARAT | B59: Ciamis | C59: =('2020'!C14-C$43)/C$44 -> -0.46979833 | D59: =('2020'!D14-D$43)/D$44 -> -0.75508263 | E59: =('2020'!E14-E$43)/E$44 -> 0.058695829 | F59: =('2020'!F14-F$43)/F$44 -> -0.92324637 | G59: =('2020'!G14-G$43)/G$44 -> -0.75777158 | H59: =('2020'!H14-H$43)/H$44 -> -0.29801426 | I59: =('2020'!I14-I$43)/I$44 -> -0.28677458 | J59: =('2020'!J14-J$43)/J$44 -> -0.72415338 | ... N59: =('2020'!N14-N$43)/N$44 -> -0.90418441
A60: JAWA BARAT | B60: Kuningan | C60: =('2020'!C15-C$43)/C$44 -> -0.65092377 | D60: =('2020'!D15-D$43)/D$44 -> -0.70923831 | E60: =('2020'!E15-E$43)/E$44 -> 1.7331599 | F60: =('2020'!F15-F$43)/F$44 -> -0.9677348 | G60: =('2020'!G15-G$43)/G$44 -> -0.83743777 | H60: =('2020'!H15-H$43)/H$44 -> 0.40940747 | I60: =('2020'!I15-I$43)/I$44 -> 0.40373693 | J60: =('2020'!J15-J$43)/J$44 -> -0.9347745 | ... N60: =('2020'!N15-N$43)/N$44 -> -0.20471845 | Q60: sum baru | R60: =SUM(Q47:AB58)-12 -> 11.849407
A61: JAWA BARAT | B61: Cirebon | C61: =('2020'!C16-C$43)/C$44 -> -0.75372469 | D61: =('2020'!D16-D$43)/D$44 -> -1.4748384 | E61: =('2020'!E16-E$43)/E$44 -> 1.2243804 | F61: =('2020'!F16-F$43)/F$44 -> -0.82414053 | G61: =('2020'!G16-G$43)/G$44 -> -1.2357687 | H61: =('2020'!H16-H$43)/H$44 -> -0.23513233 | I61: =('2020'!I16-I$43)/I$44 -> -0.22584709 | J61: =('2020'!J16-J$43)/J$44 -> -0.59864773 | ... N61: =('2020'!N16-N$43)/N$44 -> -0.84822713
A62: JAWA BARAT | B62: Majalengka | C62: =('2020'!C17-C$43)/C$44 -> -0.94300892 | D62: =('2020'!D17-D$43)/D$44 -> -0.91553773 | E62: =('2020'!E17-E$43)/E$44 -> 1.2855628 | F62: =('2020'!F17-F$43)/F$44 -> -0.92513402 | G62: =('2020'!G17-G$43)/G$44 -> -1.0212828 | H62: =('2020'!H17-H$43)/H$44 -> -0.9307637 | I62: =('2020'!I17-I$43)/I$44 -> -0.91229677 | J62: =('2020'!J17-J$43)/J$44 -> -0.10993312 | ... N62: =('2020'!N17-N$43)/N$44 -> -0.90418441
A63: JAWA BARAT | B63: Sumedang | C63: =('2020'!C18-C$43)/C$44 -> -0.28214586 | D63: =('2020'!D18-D$43)/D$44 -> 1.2093463 | E63: =('2020'!E18-E$43)/E$44 -> 0.90880836 | F63: =('2020'!F18-F$43)/F$44 -> -0.90842812 | G63: =('2020'!G18-G$43)/G$44 -> -0.26138992 | H63: =('2020'!H18-H$43)/H$44 -> -0.062207017 | I63: =('2020'!I18-I$43)/I$44 -> -0.0511883 | J63: =('2020'!J18-J$43)/J$44 -> -0.92877077 | ... N63: =('2020'!N18-N$43)/N$44 -> 0.43879023
A64: JAWA BARAT | B64: Indramayu | C64: =('2020'!C19-C$43)/C$44 -> -0.99196174 | D64: =('2020'!D19-D$43)/D$44 -> -0.4020814 | E64: =('2020'!E19-E$43)/E$44 -> 1.6945184 | F64: =('2020'!F19-F$43)/F$44 -> -0.59769609 | G64: =('2020'!G19-G$43)/G$44 -> -1.6157152 | H64: =('2020'!H19-H$43)/H$44 -> -0.37661667 | I64: =('2020'!I19-I$43)/I$44 -> -0.36801123 | J64: =('2020'!J19-J$43)/J$44 -> 0.066792315 | ... N64: =('2020'!N19-N$43)/N$44 -> -1.3798213
A65: JAWA BARAT | B65: Subang | C65: =('2020'!C20-C$43)/C$44 -> -0.72108947 | D65: =('2020'!D20-D$43)/D$44 -> 0.14346594 | E65: =('2020'!E20-E$43)/E$44 -> 0.60289666 | F65: =('2020'!F20-F$43)/F$44 -> -0.86751038 | G65: =('2020'!G20-G$43)/G$44 -> -1.1254617 | H65: =('2020'!H20-H$43)/H$44 -> -0.085787741 | I65: =('2020'!I20-I$43)/I$44 -> -0.08368296 | J65: =('2020'!J20-J$43)/J$44 -> -0.93864338 | ... N65: =('2020'!N20-N$43)/N$44 -> -0.51248347
A66: JAWA BARAT | B66: Purwakarta | C66: =('2020'!C21-C$43)/C$44 -> -0.41595023 | D66: =('2020'!D21-D$43)/D$44 -> -0.76654371 | E66: =('2020'!E21-E$43)/E$44 -> 0.26800384 | F66: =('2020'!F21-F$43)/F$44 -> -0.71930231 | G66: =('2020'!G21-G$43)/G$44 -> -0.518773 | H66: =('2020'!H21-H$43)/H$44 -> -0.63993476 | I66: =('2020'!I21-I$43)/I$44 -> -0.62390667 | J66: =('2020'!J21-J$43)/J$44 -> -0.72268925 | ... N66: =('2020'!N21-N$43)/N$44 -> 1.2781494
A67: JAWA BARAT | B67: Karawang | C67: =('2020'!C22-C$43)/C$44 -> -0.4420584 | D67: =('2020'!D22-D$43)/D$44 -> 0.049485097 | E67: =('2020'!E22-E$43)/E$44 -> 0.26478372 | F67: =('2020'!F22-F$43)/F$44 -> 0.26371954 | G67: =('2020'!G22-G$43)/G$44 -> -0.7148744 | H67: =('2020'!H22-H$43)/H$44 -> -0.16832028 | I67: =('2020'!I22-I$43)/I$44 -> -0.16085778 | J67: =('2020'!J22-J$43)/J$44 -> -0.0040009198 | ... N67: =('2020'!N22-N$43)/N$44 -> -1.1559922
A68: JAWA BARAT | B68: Bekasi | C68: =('2020'!C23-C$43)/C$44 -> 0.11437198 | D68: =('2020'!D23-D$43)/D$44 -> -0.30351613 | E68: =('2020'!E23-E$43)/E$44 -> -0.84293868 | F68: =('2020'!F23-F$43)/F$44 -> 1.0092738 | G68: =('2020'!G23-G$43)/G$44 -> 0.11242837 | H68: =('2020'!H23-H$43)/H$44 -> 0.44477856 | I68: =('2020'!I23-I$43)/I$44 -> 0.43623159 | J68: =('2020'!J23-J$43)/J$44 -> 0.42554347 | ... N68: =('2020'!N23-N$43)/N$44 -> 0.10304657
A69: JAWA BARAT | B69: Bandung Barat | C69: =('2020'!C24-C$43)/C$44 -> -0.86305265 | D69: =('2020'!D24-D$43)/D$44 -> -2.4857055 | E69: =('2020'!E24-E$43)/E$44 -> 0.9828712 | F69: =('2020'!F24-F$43)/F$44 -> -0.84743246 | G69: =('2020'!G24-G$43)/G$44 -> -0.45749132 | H69: =('2020'!H24-H$43)/H$44 -> -0.097578103 | I69: =('2020'!I24-I$43)/I$44 -> -0.091806624 | J69: =('2020'!J24-J$43)/J$44 -> -0.85417409 | ... N69: =('2020'!N24-N$43)/N$44 -> 0.21496112
A70: JAWA BARAT | B70: Pangandaran | C70: =('2020'!C25-C$43)/C$44 -> -0.86631617 | D70: =('2020'!D25-D$43)/D$44 -> -0.028450238 | E70: =('2020'!E25-E$43)/E$44 -> 0.49985271 | F70: =('2020'!F25-F$43)/F$44 -> -1.0476917 | G70: =('2020'!G25-G$43)/G$44 -> -0.7332589 | H70: =('2020'!H25-H$43)/H$44 -> -0.46700945 | I70: =('2020'!I25-I$43)/I$44 -> -0.46143337 | J70: =('2020'!J25-J$43)/J$44 -> -0.69015954 | ... N70: =('2020'!N25-N$43)/N$44 -> -0.93216305
A71: JAWA BARAT | B71: Kota Bogor | C71: =('2020'!C26-C$43)/C$44 -> 0.44725115 | D71: =('2020'!D26-D$43)/D$44 -> 0.25578451 | E71: =('2020'!E26-E$43)/E$44 -> -0.24399575 | F71: =('2020'!F26-F$43)/F$44 -> -0.8341206 | G71: =('2020'!G26-G$43)/G$44 -> 0.85393677 | H71: =('2020'!H26-H$43)/H$44 -> 0.41726771 | I71: =('2020'!I26-I$43)/I$44 -> 0.4118606 | J71: =('2020'!J26-J$43)/J$44 -> 0.66055574 | ... N71: =('2020'!N26-N$43)/N$44 -> 1.2221921
A72: JAWA BARAT | B72: Kota Sukabumi | C72: =('2020'!C27-C$43)/C$44 -> 0.13721663 | D72: =('2020'!D27-D$43)/D$44 -> 0.33371985 | E72: =('2020'!E27-E$43)/E$44 -> 0.084456815 | F72: =('2020'!F27-F$43)/F$44 -> -1.0407334 | G72: =('2020'!G27-G$43)/G$44 -> 0.40045229 | H72: =('2020'!H27-H$43)/H$44 -> -0.062207017 | I72: =('2020'!I27-I$43)/I$44 -> -0.059311965 | J72: =('2020'!J27-J$43)/J$44 -> 0.66068661 | ... N72: =('2020'!N27-N$43)/N$44 -> 0.80251253
... A87: BANTEN | B87: Kota Tangerang Selatan | C87: =('2020'!C42-C$43)/C$44 -> 1.3039255 | D87: =('2020'!D42-D$43)/D$44 -> 0.84259174 | E87: =('2020'!E42-E$43)/E$44 -> -1.6576299 | F87: =('2020'!F42-F$43)/F$44 -> -0.59480099 | G87: =('2020'!G42-G$43)/G$44 -> 1.7609057 | H87: =('2020'!H42-H$43)/H$44 -> -0.066137137 | I87: =('2020'!I42-I$43)/I$44 -> -0.047126468 | J87: =('2020'!J42-J$43)/J$44 -> 1.4431993 | ... N87: =('2020'!N42-N$43)/N$44 -> -0.0088679834
A89: sigma biasa
A90: Provinsi | B90: Kabupaten/Kota | C90: IPM | D90: IPG | E90: PPM | F90: PDRB_ADHK | G90: RLS | H90: AHH_L | I90: AHH_P | J90: GK | K90: PKKP | L90: TPT | M90: TPAK | N90: GR
A91: DKI JAKARTA | B91: Kep. Seribu | C91: =('2020'!C2-C$43)^3 -> -5.2597495
A92: DKI JAKARTA | B92: Kota Jakarta Selatan | C92: =('2020'!C3-C$43)^3 -> 1462.4877
A93: DKI JAKARTA | B93: Kota Jakarta Timur | C93: =('2020'!C4-C$43)^3 -> 802.00111
A94: DKI JAKARTA | B94: Kota Jakarta Pusat | C94: =('2020'!C5-C$43)^3 -> 516.02551
A95: DKI JAKARTA | B95: Kota Jakarta Barat | C95: =('2020'!C6-C$43)^3 -> 514.09786
A96: DKI JAKARTA | B96: Kota Jakarta Utara | C96: =('2020'!C7-C$43)^3 -> 331.50485
A97: JAWA BARAT | B97: Bogor | C97: =('2020'!C8-C$43)^3 -> -26.17396
A98: JAWA BARAT | B98: Sukabumi | C98: =('2020'!C9-C$43)^3 -> -273.24429
A99: JAWA BARAT | B99: Cianjur | C99: =('2020'!C10-C$43)^3 -> -513.74698
A100: JAWA BARAT | B100: Bandung | C100: =('2020'!C11-C$43)^3 -> -0.93856827
A101: JAWA BARAT | B101: Garut | C101: =('2020'!C12-C$43)^3 -> -380.93441
A102: JAWA BARAT | B102: Tasikmalaya | C102: =('2020'!C13-C$43)^3 -> -456.37089
... A131: BANTEN | B131: Kota Tangerang Selatan | C131: =('2020'!C42-C$43)^3 -> 510.25699
B132: sum | C132: =SUM(C91:C131) -> 1458.2664
B133: mean | C133: =C132/41 -> 35.567473
A135: sigma bobot
A136: Provinsi | B136: Kabupaten/Kota | C136: IPM | D136: IPG | E136: PPM | F136: PDRB_ADHK | G136: RLS | H136: AHH_L | I136: AHH_P | J136: GK | K136: PKKP | L136: TPT | M136: TPAK | N136: GR
A137: DKI JAKARTA | B137: Kep. Seribu | C137: ='Bobot M'!J2*('2020'!C2-C$43)^3 -> -0.0025039814
A138: DKI JAKARTA | B138: Kota Jakarta Selatan | C138: ='Bobot M'!J3*('2020'!C3-C$43)^3 -> 55.227262
A139: DKI JAKARTA | B139: Kota Jakarta Timur | C139: ='Bobot M'!J4*('2020'!C4-C$43)^3 -> 41.518256
A140: DKI JAKARTA | B140: Kota Jakarta Pusat | C140: ='Bobot M'!J5*('2020'!C5-C$43)^3 -> 9.1376081
A141: DKI JAKARTA | B141: Kota Jakarta Barat | C141: ='Bobot M'!J6*('2020'!C6-C$43)^3 -> 21.264141
A142: DKI JAKARTA | B142: Kota Jakarta Utara | C142: ='Bobot M'!J7*('2020'!C7-C$43)^3 -> 9.9870301
A143: JAWA BARAT | B143: Bogor | C143: ='Bobot M'!J8*('2020'!C8-C$43)^3 -> -2.4196774
A144: JAWA BARAT | B144: Sukabumi | C144: ='Bobot M'!J9*('2020'!C9-C$43)^3 -> -12.623202
...

Sheet Quartile
A1: 63.91
A2: 65
A3: 65.36
A4: 65.67
A5: 66.12
A6: 66.7
A7: 66.88
A8: 67.29
A9: 67.59
A10: 68.06
A11: 68.08
A12: 68.75
... A41: 84.72

Sheet 2021
A1: Provinsi | B1: Kabupaten/Kota | C1: IPM | D1: IPG | E1: PPM | F1: PDRB_ADHK | G1: RLS | H1: AHH_L | I1: AHH_P | J1: GK | K1: PKKP | L1: TPT | M1: TPAK | N1: GR | O1: JP
A2: DKI JAKARTA | B2: Kep. Seribu | C2: 72.1 | D2: 93.39 | E2: 15.06 | F2: 3648.88 | G2: 8.81 | H2: 66.84 | I2: 71.03 | J2: 670785 | K2: 2.41 | L2: 8.58 | M2: 65.45 | N2: 0.245 | O2: 27996
A3: DKI JAKARTA | B3: Kota Jakarta Selatan | C3: 84.9 | D3: 96.28 | E3: 3.56 | F3: 429278 | G3: 11.64 | H3: 72.33 | I3: 76.12 | J3: 792684 | K3: 1.63 | L3: 7.33 | M3: 61.44 | N3: 0.383 | O3: 2232442
A4: DKI JAKARTA | B4: Kota Jakarta Timur | C4: 82.97 | D4: 95.44 | E4: 4.28 | F4: 313816.5 | G4: 11.67 | H4: 72.7 | I4: 76.27 | J4: 594849 | K4: 2.24 | L4: 8.23 | M4: 60.85 | N4: 0.374 | O4: 3051866
A5: DKI JAKARTA | B5: Kota Jakarta Pusat | C5: 81.56 | D5: 96.11 | E5: 4.94 | F5: 460024.3 | G5: 11.39 | H5: 72.3 | I5: 76 | J5: 689379 | K5: 3.08 | L5: 7.75 | M5: 63.17 | N5: 0.397 | O5: 1057465
A6: DKI JAKARTA | B6: Kota Jakarta Barat | C6: 81.76 | D6: 95.37 | E6: 4.31 | F6: 327613.1 | G6: 10.78 | H6: 71.82 | I6: 75.49 | J6: 570330 | K6: 2 | L6: 9.06 | M6: 63.21 | N6: 0.366 | O6: 2446687
A7: DKI JAKARTA | B7: Kota Jakarta Utara | C7: 80.51 | D7: 93.6 | E7: 7.24 | F7: 330883.9 | G7: 10.81 | H7: 71.44 | I7: 75.22 | J7: 609310 | K7: 2.63 | L7: 9.84 | M7: 65.79 | N7: 0.515 | O7: 1788981
A8: JAWA BARAT | B8: Bogor | C8: 70.6 | D8: 89.4 | E8: 8.13 | F8: 159589.6 | G8: 8.31 | H8: 69.52 | I8: 73.25 | J8: 418483 | K8: 4.73 | L8: 12.22 | M8: 62.55 | N8: 0.396 | O8: 5484150
A9: JAWA BARAT | B9: Sukabumi | C9: 67.07 | D9: 87.44 | E9: 7.7 | F9: 47935.63 | G9: 7.1 | H9: 69.27 | I9: 73.13 | J9: 342094 | K9: 4.81 | L9: 9.51 | M9: 64.93 | N9: 0.343 | O9: 2747450
A10: JAWA BARAT | B10: Cianjur | C10: 65.56 | D10: 84.3 | E10: 11.18 | F10: 32897.53 | G10: 7.19 | H10: 68.45 | I10: 72.23 | J10: 387631 | K10: 6.2 | L10: 9.32 | M10: 67.98 | N10: 0.372 | O10: 2500640
A11: JAWA BARAT | B11: Bandung | C11: 72.73 | D11: 93.85 | E11: 7.15 | F11: 83949.37 | G11: 9.07 | H11: 71.94 | I11: 75.52 | J11: 378819 | K11: 5.53 | L11: 8.32 | M11: 65.12 | N11: 0.386 | O11: 3652400
A12: JAWA BARAT | B12: Garut | C12: 66.45 | D12: 82.13 | E12: 10.65 | F12: 39981.19 | G12: 7.53 | H12: 69.74 | I12: 73.48 | J12: 320050 | K12: 5 | L12: 8.68 | M12: 62.76 | N12: 0.322 | O12: 2613530
A13: JAWA BARAT | B13: Tasikmalaya | C13: 65.9 | D13: 86.36 | E13: 11.15 | F13: 25179.48 | G13: 7.48 | H13: 67.78 | I13: 71.59 | J13: 333909 | K13: 7.12 | L13: 6.16 | M13: 68.18 | N13: 0.378 | O13: 1876890
... A42: BANTEN | B42: Kota Tangerang Selatan | C42: 81.6 | D42: 93.8 | E42: 2.57 | F42: 62393.12 | G42: 11.82 | H42: 70.55 | I42: 74.31 | J42: 665610 | K42: 1.89 | L42: 8.6 | M42: 62.56 | N42: 0.37 | O42: 1365.39
C47: RV
C48: =CORREL(C$2:C$42,C$2:C$42) -> 1 | D48: =CORREL(C$2:C$42,D$2:D$42) -> 0.77077537 | E48: =CORREL(C$2:C$42,E$2:E$42) -> -0.72840015 | F48: =CORREL(C$2:C$42,F$2:F$42) -> 0.23073561 | G48: =CORREL(C$2:C$42,G$2:G$42) -> 0.96309614 | H48: =CORREL(C$2:C$42,H$2:H$42) -> 0.63490223 | I48: =CORREL(C$2:C$42,I$2:I$42) -> 0.64028547 | J48: =CORREL(C$2:C$42,J$2:J$42) -> 0.83983872 | K48: =CORREL(C$2:C$42,K$2:K$42) -> -0.66748536 | L48: =CORREL(C$2:C$42,L$2:L$42) -> 0.18334897 | M48: =CORREL(C$2:C$42,M$2:M$42) -> -0.37673139 | N48: =CORREL(C$2:C$42,N$2:N$42) -> 0.50861555
C49: =D48 -> 0.77077537 | D49: =CORREL(D$2:D$42,D$2:D$42) -> 1 | E49: =CORREL(D$2:D$42,E$2:E$42) -> -0.52306683 | F49: =CORREL(D$2:D$42,F$2:F$42) -> 0.20242403 | G49: =CORREL(D$2:D$42,G$2:G$42) -> 0.73249618 | H49: =CORREL(D$2:D$42,H$2:H$42) -> 0.37857773 | I49: =CORREL(D$2:D$42,I$2:I$42) -> 0.38487454 | J49: =CORREL(D$2:D$42,J$2:J$42) -> 0.64817726 | K49: =CORREL(D$2:D$42,K$2:K$42) -> -0.55986762 | L49: =CORREL(D$2:D$42,L$2:L$42) -> 0.063819861 | M49: =CORREL(D$2:D$42,M$2:M$42) -> -0.13820417 | N49: =CORREL(D$2:D$42,N$2:N$42) -> 0.31046403
C50: =E48 -> -0.72840015 | D50: =E49 -> -0.52306683 | E50: =CORREL(E$2:E$42,E$2:E$42) -> 1 | F50: =CORREL(E$2:E$42,F$2:F$42) -> -0.15342037 | G50: =CORREL(E$2:E$42,G$2:G$42) -> -0.73559311 | H50: =CORREL(E$2:E$42,H$2:H$42) -> -0.27594652 | I50: =CORREL(E$2:E$42,I$2:I$42) -> -0.27191797 | J50: =CORREL(E$2:E$42,J$2:J$42) -> -0.54571567 | K50: =CORREL(E$2:E$42,K$2:K$42) -> 0.6383024 | L50: =CORREL(E$2:E$42,L$2:L$42) -> -0.15151302 | M50: =CORREL(E$2:E$42,M$2:M$42) -> 0.37853954 | N50: =CORREL(E$2:E$42,N$2:N$42) -> -0.25490517
C51: =F48 -> 0.23073561 | D51: =F49 -> 0.20242403 | E51: =F50 -> -0.15342037 | F51: =CORREL(F$2:F$42,F$2:F$42) -> 1 | G51: =CORREL(F$2:F$42,G$2:G$42) -> 0.23524927 | H51: =CORREL(F$2:F$42,H$2:H$42) -> 0.17265027 | I51: =CORREL(F$2:F$42,I$2:I$42) -> 0.17300088 | J51: =CORREL(F$2:F$42,J$2:J$42) -> 0.27075688 | K51: =CORREL(F$2:F$42,K$2:K$42) -> -0.03363847 | L51: =CORREL(F$2:F$42,L$2:L$42) -> 0.12706022 | M51: =CORREL(F$2:F$42,M$2:M$42) -> -0.4385954 | N51: =CORREL(F$2:F$42,N$2:N$42) -> 0.29837911
C52: =G48 -> 0.96309614 | D52: =G49 -> 0.73249618 | E52: =G50 -> -0.73559311 | F52: =G51 -> 0.23524927 | G52: =CORREL(G$2:G$42,G$2:G$42) -> 1 | H52: =CORREL(G$2:G$42,H$2:H$42) -> 0.54604163 | I52: =CORREL(G$2:G$42,I$2:I$42) -> 0.55039369 | J52: =CORREL(G$2:G$42,J$2:J$42) -> 0.81556004 | K52: =CORREL(G$2:G$42,K$2:K$42) -> -0.63051759 | L52: =CORREL(G$2:G$42,L$2:L$42) -> 0.19876589 | M52: =CORREL(G$2:G$42,M$2:M$42) -> -0.45191835 | N52: =CORREL(G$2:G$42,N$2:N$42) -> 0.53132269
C53: =H48 -> 0.63490223 | D53: =H49 -> 0.37857773 | E53: =H50 -> -0.27594652 | F53: =H51 -> 0.17265027 | G53: =H52 -> 0.54604163 | H53: =CORREL(H$2:H$42,H$2:H$42) -> 1 | I53: =CORREL(H$2:H$42,I$2:I$42) -> 0.99912998 | J53: =CORREL(H$2:H$42,J$2:J$42) -> 0.39738409 | K53: =CORREL(H$2:H$42,K$2:K$42) -> -0.12388948 | L53: =CORREL(H$2:H$42,L$2:L$42) -> 0.20385768 | M53: =CORREL(H$2:H$42,M$2:M$42) -> -0.056413189 | N53: =CORREL(H$2:H$42,N$2:N$42) -> 0.58101347
C54: =I48 -> 0.64028547 | D54: =I49 -> 0.38487454 | E54: =I50 -> -0.27191797 | F54: =I51 -> 0.17300088 | G54: =I52 -> 0.55039369 | H54: =I53 -> 0.99912998 | I54: =CORREL(I$2:I$42,I$2:I$42) -> 1 | J54: =CORREL(I$2:I$42,J$2:J$42) -> 0.41118729 | K54: =CORREL(I$2:I$42,K$2:K$42) -> -0.13360222 | L54: =CORREL(I$2:I$42,L$2:L$42) -> 0.19575996 | M54: =CORREL(I$2:I$42,M$2:M$42) -> -0.057707324 | N54: =CORREL(I$2:I$42,N$2:N$42) -> 0.5764193
C55: =J48 -> 0.83983872 | D55: =J49 -> 0.64817726 | E55: =J50 -> -0.54571567 | F55: =J51 -> 0.27075688 | G55: =J52 -> 0.81556004 | H55: =J53 -> 0.39738409 | I55: =J54 -> 0.41118729 | J55: =CORREL(J$2:J$42,J$2:J$42) -> 1 | K55: =CORREL(J$2:J$42,K$2:K$42) -> -0.7360257 | L55: =CORREL(J$2:J$42,L$2:L$42) -> 0.097188974 | M55: =CORREL(J$2:J$42,M$2:M$42) -> -0.32345591 | N55: =CORREL(J$2:J$42,N$2:N$42) -> 0.26267676
C56: =K48 -> -0.66748536 | D56: =K49 -> -0.55986762 | E56: =K50 -> 0.6383024 | F56: =K51 -> -0.03363847 | G56: =K52 -> -0.63051759 | H56: =K53 -> -0.12388948 | I56: =K54 -> -0.13360222 | J56: =K55 -> -0.7360257 | K56: =CORREL(K$2:K$42,K$2:K$42) -> 1 | L56: =CORREL(K$2:K$42,L$2:L$42) -> -0.2052094 | M56: =CORREL(K$2:K$42,M$2:M$42) -> 0.29268759 | N56: =CORREL(K$2:K$42,N$2:N$42) -> 0.033277798
C57: =L48 -> 0.18334897 | D57: =L49 -> 0.063819861 | E57: =L50 -> -0.15151302 | F57: =L51 -> 0.12706022 | G57: =L52 -> 0.19876589 | H57: =L53 -> 0.20385768 | I57: =L54 -> 0.19575996 | J57: =L55 -> 0.097188974 | K57: =L56 -> -0.2052094 | L57: =CORREL(L$2:L$42,L$2:L$42) -> 1 | M57: =CORREL(L$2:L$42,M$2:M$42) -> -0.57995127 | N57: =CORREL(L$2:L$42,N$2:N$42) -> 0.32246109
C58: =M48 -> -0.37673139 | D58: =M49 -> -0.13820417 | E58: =M50 -> 0.37853954 | F58: =M51 -> -0.4385954 | G58: =M52 -> -0.45191835 | H58: =M53 -> -0.056413189 | I58: =M54 -> -0.057707324 | J58: =M55 -> -0.32345591 | K58: =M56 -> 0.29268759 | L58: =M57 -> -0.57995127 | M58: =CORREL(M$2:M$42,M$2:M$42) -> 1 | N58: =CORREL(M$2:M$42,N$2:N$42) -> -0.24943301
C59: =N48 -> 0.50861555 | D59: =N49 -> 0.31046403 | E59: =N50 -> -0.25490517 | F59: =N51 -> 0.29837911 | G59: =N52 -> 0.53132269 | H59: =N53 -> 0.58101347 | I59: =N54 -> 0.5764193 | J59: =N55 -> 0.26267676 | K59: =N56 -> 0.033277798 | L59: =N57 -> 0.32246109 | M59: =N58 -> -0.24943301 | N59: =CORREL(N$2:N$42,N$2:N$42) -> 1
C60: =SUMSQ(C48:N59) - 12 -> 28.59663
C63: V
C64: {=MINVERSE(C48:N59)} -> 40.143582 | D64: -5.9861257 | E64: 3.5982708 | F64: 1.7015578 | G64: -16.6278 | H64: -21.241607 | I64: 11.91501 | J64: -6.2590621 | K64: 4.7913842 | L64: 2.9824766 | M64: 3.3378532 | N64: -2.4858182
C65: -5.9861257 | D65: 3.7561964 | E65: -0.8070024 | F65: -0.99292261 | G65: -0.81674182 | H65: 9.6711478 | I65: -7.9192403 | J65: 1.5136875 | K65: -0.33574831 | L65: -0.99360285 | M65: -1.935399 | N65: 0.79992861
C66: 3.5982708 | D66: -0.8070024 | E66: 3.5881436 | F66: 0.41054433 | G66: 1.3504858 | H66: 12.709306 | I66: -13.63824 | J66: -1.8885631 | K66: -1.173373 | L66: -0.1423193 | M66: 0.15426525 | N66: -0.40842956
C67: 1.7015578 | D67: -0.99292261 | E67: 0.41054433 | F67: 1.9095928 | G67: 1.5087313 | H67: -8.0293493 | I67: 7.2706585 | J67: -1.5001644 | K67: -0.080345878 | L67: 0.83461829 | M67: 1.6548059 | N67: -0.80935234
C68: -16.6278 | D68: -0.81674182 | E68: 1.3504858 | F68: 1.5087313 | G68: 20.925235 | H68: -12.856033 | I68: 14.604211 | J68: -2.6144054 | K68: -1.2867452 | L68: 1.2027694 | M68: 2.9832949 | N68: -2.3760245
C69: -21.241607 | D69: 9.6711478 | E69: 12.709306 | F69: -8.0293493 | G69: -12.856033 | H69: 890.22296 | I69: -879.75623 | J69: 22.890736 | K69: -14.048119 | L69: -18.573452 | M69: -19.163419 | N69: 5.8082167
C70: 11.91501 | D70: -7.9192403 | E70: -13.63824 | F70: 7.2706585 | G70: 14.604211 | H70: -879.75623 | I70: 873.68477 | J70: -21.539975 | K70: 12.224297 | L70: 17.011339 | M70: 17.098863 | N70: -5.4347048
C71: -6.2590621 | D71: 1.5136875 | E71: -1.8885631 | F71: -1.5001644 | G71: -2.6144054 | H71: 22.890736 | I71: -21.539975 | J71: 6.9646092 | K71: 1.5392074 | L71: -0.54111092 | M71: -1.4584718 | N71: 1.115082
C72: 4.7913842 | D72: -0.33574831 | E72: -1.173373 | F72: -0.080345878 | G72: -1.2867452 | H72: -14.048119 | I72: 12.224297 | J72: 1.5392074 | K72: 5.0614486 | L72: 1.7896684 | M72: 1.1355957 | N72: -1.6749488
C73: 2.9824766 | D73: -0.99360285 | E73: -0.1423193 | F73: 0.83461829 | G73: 1.2027694 | H73: -18.573452 | I73: 17.011339 | J73: -0.54111092 | K73: 1.7896684 | L73: 2.9508443 | M73: 2.5520788 | N73: -1.3794419
C74: 3.3378532 | D74: -1.935399 | E74: 0.15426525 | F74: 1.6548059 | G74: 2.9832949 | H74: -19.163419 | I74: 17.098863 | J74: -1.4584718 | K74: 1.1355957 | L74: 2.5520788 | M74: 4.2702448 | N74: -1.2707411
C75: -2.4858182 | D75: 0.79992861 | E75: -0.40842956 | F75: -0.80935234 | G75: -2.3760245 | H75: 5.8082167 | I75: -5.4347048 | J75: 1.115082 | K75: -1.6749488 | L75: -1.3794419 | M75: -1.2707411 | N75: 3.0644962
C78: baru
C79: =-(C64)/SQRT(C64*C64) -> -1 | D79: =-(D64)/SQRT(C64*D65) -> 0.48748766 | E79: =-(E64)/SQRT(C64*E66) -> -0.29981329 | F79: =-(F64)/SQRT(C64*F67) -> -0.19434272 | G79: =-(G64)/SQRT(C64*G68) -> 0.57370885 | H79: =-(H64)/SQRT(C64*H69) -> 0.1123647 | I79: =-(I64)/SQRT(C64*I70) -> -0.063622241 | J79: =-(J64)/SQRT(C64*J71) -> 0.37432844 | K79: =-(K64)/SQRT(C64*K72) -> -0.33613638 | L79: =-(L64)/SQRT(C64*L73) -> -0.27402857 | M79: =-(M64)/SQRT(C64*M74) -> -0.25493695 | N79: =-(N64)/SQRT(C64*N75) -> 0.22412059
C80: =D79 -> 0.48748766 | D80: =-(D65)/SQRT(D65*D65) -> -1 | E80: =-(E65)/SQRT(D65*E66) -> 0.21981927 | F80: =-(F65)/SQRT(D65*F67) -> 0.37074121 | G80: =-(G65)/SQRT(D65*G68) -> 0.092124571 | H80: =-(H65)/SQRT(D65*H69) -> -0.16724551 | I80: =-(I65)/SQRT(D65*I70) -> 0.13823945 | J80: =-(J65)/SQRT(D65*J71) -> -0.29594684 | K80: =-(K65)/SQRT(D65*K72) -> 0.077002048 | L80: =-(L65)/SQRT(D65*L73) -> 0.29844584 | M80: =-(M65)/SQRT(D65*M74) -> 0.4832479 | N80: =-(N65)/SQRT(D65*N75) -> -0.23577489
C81: =E79 -> -0.29981329 | D81: =E80 -> 0.21981927 | E81: =-(E66)/SQRT(E66*E66) -> -1 | F81: =-(F66)/SQRT(E66*F67) -> -0.15683925 | G81: =-(G66)/SQRT(E66*G68) -> -0.15585471 | H81: =-(H66)/SQRT(E66*H69) -> -0.22487311 | I81: =-(I66)/SQRT(E66*I70) -> 0.24358247 | J81: =-(J66)/SQRT(E66*J71) -> 0.37778806 | K81: =-(K66)/SQRT(E66*K72) -> 0.27533647 | L81: =-(L66)/SQRT(E66*L73) -> 0.04373768 | M81: =-(M66)/SQRT(E66*M74) -> -0.039410033 | N81: =-(N66)/SQRT(E66*N75) -> 0.12316937
C82: =F79 -> -0.19434272 | D82: =F80 -> 0.37074121 | E82: =F81 -> -0.15683925 | F82: =-(F67)/SQRT(F67*F67) -> -1 | G82: =-(G67)/SQRT(F67*G68) -> -0.23867467 | H82: =-(H67)/SQRT(F67*H69) -> 0.19474242 | I82: =-(I67)/SQRT(F67*I70) -> -0.17800245 | J82: =-(J67)/SQRT(F67*J71) -> 0.41135814 | K82: =-(K67)/SQRT(F67*K72) -> 0.025843766 | L82: =-(L67)/SQRT(F67*L73) -> -0.35159635 | M82: =-(M67)/SQRT(F67*M74) -> -0.57949579 | N82: =-(N67)/SQRT(F67*N75) -> 0.33457054
C83: =G79 -> 0.57370885 | D83: =G80 -> 0.092124571 | E83: =G81 -> -0.15585471 | F83: =G82 -> -0.23867467 | G83: =-(G68)/SQRT(G68*G68) -> -1 | H83: =-(H68)/SQRT(G68*H69) -> 0.094193824 | I83: =-(I68)/SQRT(G68*I70) -> -0.10801039 | J83: =-(J68)/SQRT(G68*J71) -> 0.21656556 | K83: =-(K68)/SQRT(G68*K72) -> 0.12503166 | L83: =-(L68)/SQRT(G68*L73) -> -0.15306435 | M83: =-(M68)/SQRT(G68*M74) -> -0.31559828 | N83: =-(N68)/SQRT(G68*N75) -> 0.29671275
C84: =H79 -> 0.1123647 | D84: =H80 -> -0.16724551 | E84: =H81 -> -0.22487311 | F84: =H82 -> 0.19474242 | G84: =H83 -> 0.094193824 | H84: =-(H69)/SQRT(H69*H69) -> -1 | I84: =-(I69)/SQRT(H69*I70) -> 0.99755206 | J84: =-(J69)/SQRT(H69*J71) -> -0.29071135 | K84: =-(K69)/SQRT(H69*K72) -> 0.20928175 | L84: =-(L69)/SQRT(H69*L73) -> 0.3623849 | M84: =-(M69)/SQRT(H69*M74) -> 0.31081159 | N84: =-(N69)/SQRT(H69*N75) -> -0.11120233
C85: =I79 -> -0.063622241 | D85: =I80 -> 0.13823945 | E85: =I81 -> 0.24358247 | F85: =I82 -> -0.17800245 | G85: =I83 -> -0.10801039 | H85: =I84 -> 0.99755206 | I85: =-(I70)/SQRT(I70*I70) -> -1 | J85: =-(J70)/SQRT(I70*J71) -> 0.27613372 | K85: =-(K70)/SQRT(I70*K72) -> -0.18382691 | L85: =-(L70)/SQRT(I70*L73) -> -0.33503329 | M85: =-(M70)/SQRT(I70*M74) -> -0.27993904 | N85: =-(N70)/SQRT(I70*N75) -> 0.10503137
C86: =J79 -> 0.37432844 | D86: =J80 -> -0.29594684 | E86: =J81 -> 0.37778806 | F86: =J82 -> 0.41135814 | G86: =J83 -> 0.21656556 | H86: =J84 -> -0.29071135 | I86: =J85 -> 0.27613372 | J86: =-(J71)/SQRT(J71*J71) -> -1 | K86: =-(K71)/SQRT(J71*K72) -> -0.25924557 | L86: =-(L71)/SQRT(J71*L73) -> 0.11936164 | M86: =-(M71)/SQRT(J71*M74) -> 0.26743811 | N86: =-(N71)/SQRT(J71*N75) -> -0.24136755
C87: =K79 -> -0.33613638 | D87: =K80 -> 0.077002048 | E87: =K81 -> 0.27533647 | F87: =K82 -> 0.025843766 | G87: =K83 -> 0.12503166 | H87: =K84 -> 0.20928175 | I87: =K85 -> -0.18382691 | J87: =K86 -> -0.25924557 | K87: =-(K72)/SQRT(K72*K72) -> -1 | L87: =-(L72)/SQRT(K72*L73) -> -0.46308637 | M87: =-(M72)/SQRT(K72*M74) -> -0.24426427 | N87: =-(N72)/SQRT(K72*N75) -> 0.42528943
C88: =L79 -> -0.27402857 | D88: =L80 -> 0.29844584 | E88: =L81 -> 0.04373768 | F88: =L82 -> -0.35159635 | G88: =L83 -> -0.15306435 | H88: =L84 -> 0.3623849 | I88: =L85 -> -0.33503329 | J88: =L86 -> 0.11936164 | K88: =L87 -> -0.46308637 | L88: =-(L73)/SQRT(L73*L73) -> -1 | M88: =-(M73)/SQRT(L73*M74) -> -0.71894313 | N88: =-(N73)/SQRT(L73*N75) -> 0.45872323
C89: =M79 -> -0.25493695 | D89: =M80 -> 0.4832479 | E89: =M81 -> -0.039410033 | F89: =M82 -> -0.57949579 | G89: =M83 -> -0.31559828 | H89: =M84 -> 0.31081159 | I89: =M85 -> -0.27993904 | J89: =M86 -> 0.26743811 | K89: =M87 -> -0.24426427 | L89: =M88 -> -0.71894313 | M89: =-(M74)/SQRT(M74*M74) -> -1 | N89: =-(N74)/SQRT(M74*N75) -> 0.35127815
C90: =N79 -> 0.22412059 | D90: =N80 -> -0.23577489 | E90: =N81 -> 0.12316937 | F90: =N82 -> 0.33457054 | G90: =N83 -> 0.29671275 | H90: =N84 -> -0.11120233 | I90: =N85 -> 0.10503137 | J90: =N86 -> -0.24136755 | K90: =N87 -> 0.42528943 | L90: =N88 -> 0.45872323 | M90: =N89 -> 0.35127815 | N90: =-(N75)/SQRT(N75*N75) -> -1
C92: baru^kuadrat
C93: =C79^2 -> 1 | D93: =D79^2 -> 0.23764421 | E93: =E79^2 -> 0.089888007 | F93: =F79^2 -> 0.037769091 | G93: =G79^2 -> 0.32914185 | H93: =H79^2 -> 0.012625827 | I93: =I79^2 -> 0.0040477896 | J93: =J79^2 -> 0.14012178 | ... N93: =N79^2 -> 0.05023004
C94: =C80^2 -> 0.23764421 | D94: =D80^2 -> 1 | E94: =E80^2 -> 0.048320513 | F94: =F80^2 -> 0.13744905 | G94: =G80^2 -> 0.0084869366 | H94: =H80^2 -> 0.027971062 | I94: =I80^2 -> 0.019110145 | J94: =J80^2 -> 0.087584534 | ... N94: =N80^2 -> 0.055589797
C95: =C81^2 -> 0.089888007 | D95: =D81^2 -> 0.048320513 | E95: =E81^2 -> 1 | F95: =F81^2 -> 0.024598551 | G95: =G81^2 -> 0.024290691 | H95: =H81^2 -> 0.050567915 | I95: =I81^2 -> 0.059332419 | J95: =J81^2 -> 0.14272382 | ... N95: =N81^2 -> 0.015170693
C96: =C82^2 -> 0.037769091 | D96: =D82^2 -> 0.13744905 | E96: =E82^2 -> 0.024598551 | F96: =F82^2 -> 1 | G96: =G82^2 -> 0.056965599 | H96: =H82^2 -> 0.037924611 | I96: =I82^2 -> 0.031684872 | J96: =J82^2 -> 0.16921552 | ... N96: =N82^2 -> 0.11193745
C97: =C83^2 -> 0.32914185 | D97: =D83^2 -> 0.0084869366 | E97: =E83^2 -> 0.024290691 | F97: =F83^2 -> 0.056965599 | G97: =G83^2 -> 1 | H97: =H83^2 -> 0.0088724765 | I97: =I83^2 -> 0.011666245 | J97: =J83^2 -> 0.04690064 | ... N97: =N83^2 -> 0.088038456
C98: =C84^2 -> 0.012625827 | D98: =D84^2 -> 0.027971062 | E98: =E84^2 -> 0.050567915 | F98: =F84^2 -> 0.037924611 | G98: =G84^2 -> 0.0088724765 | H98: =H84^2 -> 1 | I98: =I84^2 -> 0.99511012 | J98: =J84^2 -> 0.084513089 | ... N98: =N84^2 -> 0.012365957
C99: =C85^2 -> 0.0040477896 | D99: =D85^2 -> 0.019110145 | E99: =E85^2 -> 0.059332419 | F99: =F85^2 -> 0.031684872 | G99: =G85^2 -> 0.011666245 | H99: =H85^2 -> 0.99511012 | I99: =I85^2 -> 1 | J99: =J85^2 -> 0.07624983 | ... N99: =N85^2 -> 0.011031589
C100: =C86^2 -> 0.14012178 | D100: =D86^2 -> 0.087584534 | E100: =E86^2 -> 0.14272382 | F100: =F86^2 -> 0.16921552 | G100: =G86^2 -> 0.04690064 | H100: =H86^2 -> 0.084513089 | I100: =I86^2 -> 0.07624983 | J100: =J86^2 -> 1 | ... N100: =N86^2 -> 0.058258294
C101: =C87^2 -> 0.11298767 | D101: =D87^2 -> 0.0059293153 | E101: =E87^2 -> 0.075810174 | F101: =F87^2 -> 0.00066790024 | G101: =G87^2 -> 0.015632915 | H101: =H87^2 -> 0.043798852 | I101: =I87^2 -> 0.033792335 | J101: =J87^2 -> 0.067208265 | ... N101: =N87^2 -> 0.1808711
C102: =C88^2 -> 0.075091656 | D102: =D88^2 -> 0.089069921 | E102: =E88^2 -> 0.0019129846 | F102: =F88^2 -> 0.12362 | G102: =G88^2 -> 0.023428696 | H102: =H88^2 -> 0.13132282 | I102: =I88^2 -> 0.1122473 | J102: =J88^2 -> 0.014247201 | ... N102: =N88^2 -> 0.210427
C103: =C89^2 -> 0.064992847 | D103: =D89^2 -> 0.23352853 | E103: =E89^2 -> 0.0015531507 | F103: =F89^2 -> 0.33581537 | G103: =G89^2 -> 0.099602273 | H103: =H89^2 -> 0.096603843 | I103: =I89^2 -> 0.078365867 | J103: =J89^2 -> 0.071523141 | ... N103: =N89^2 -> 0.12339634
C104: =C90^2 -> 0.05023004 | D104: =D90^2 -> 0.055589797 | E104: =E90^2 -> 0.015170693 | F104: =F90^2 -> 0.11193745 | G104: =G90^2 -> 0.088038456 | H104: =H90^2 -> 0.012365957 | I104: =I90^2 -> 0.011031589 | J104: =J90^2 -> 0.058258294 | ... N104: =N90^2 -> 1
C106: sum baru | D106: =SUM(C93:N104)-12 -> 13.23568

Sheet 2022
A1: Provinsi | B1: Kabupaten/Kota | C1: IPM | D1: IPG | E1: PPM | F1: PDRB_ADHK | G1: RLS | H1: AHH_L | I1: AHH_P | J1: GK | K1: PKKP | L1: TPT | M1: TPAK | N1: GR | O1: JP
A2: DKI JAKARTA | B2: Kep. Seribu | C2: 72.79 | D2: 93.69 | E2: 14.11 | F2: 3586.89 | G2: 9.02 | H2: 67.02 | I2: 71.27 | J2: 701088 | K2: 3.91 | L2: 8.47 | M2: 67.68 | N2: 0.211 | O2: 28262
A3: DKI JAKARTA | B3: Kota Jakarta Selatan | C3: 85.21 | D3: 96.48 | E3: 3.52 | F3: 451772.7 | G3: 11.66 | H3: 72.6 | I3: 76.51 | J3: 842630 | K3: 2.51 | L3: 5.63 | M3: 63.07 | N3: 0.377 | O3: 2234262
A4: DKI JAKARTA | B4: Kota Jakarta Timur | C4: 83.45 | D4: 95.92 | E4: 4.3 | F4: 329546.3 | G4: 11.73 | H4: 72.98 | I4: 76.63 | J4: 630842 | K4: 3.71 | L4: 8.39 | M4: 61.26 | N4: 0.374 | O4: 3066074
A5: DKI JAKARTA | B5: Kota Jakarta Pusat | C5: 82.11 | D5: 96.41 | E5: 4.9 | F5: 481954.5 | G5: 11.53 | H5: 72.55 | I5: 76.39 | J5: 733176 | K5: 3.82 | L5: 5.88 | M5: 63.6 | N5: 0.343 | O5: 1053482
A6: DKI JAKARTA | B6: Kota Jakarta Barat | C6: 82.51 | D6: 95.39 | E6: 4.22 | F6: 345619.6 | G6: 11.13 | H6: 71.97 | I6: 75.65 | J6: 599514 | K6: 2.8 | L6: 7.1 | M6: 63.97 | N6: 0.422 | O6: 2458707
A7: DKI JAKARTA | B7: Kota Jakarta Utara | C7: 80.81 | D7: 93.84 | E7: 7.24 | F7: 350233.7 | G7: 10.82 | H7: 71.58 | I7: 75.41 | J7: 645431 | K7: 4.78 | L7: 8.04 | M7: 64.34 | N7: 0.543 | O7: 1799220
A8: JAWA BARAT | B8: Bogor | C8: 71.2 | D8: 89.95 | E8: 7.73 | F8: 167966.2 | G8: 8.34 | H8: 69.72 | I8: 73.54 | J8: 443787 | K8: 7.03 | L8: 10.64 | M8: 63.75 | N8: 0.4 | O8: 5556310
A9: JAWA BARAT | B9: Sukabumi | C9: 67.64 | D9: 87.64 | E9: 7.34 | F9: 50388.72 | G9: 7.11 | H9: 69.53 | I9: 73.47 | J9: 357636 | K9: 7.42 | L9: 7.77 | M9: 69.11 | N9: 0.309 | O9: 2775310
A10: JAWA BARAT | B10: Cianjur | C10: 65.94 | D10: 84.9 | E10: 10.55 | F10: 34556.4 | G10: 7.2 | H10: 68.62 | I10: 72.5 | J10: 406829 | K10: 9.54 | L10: 8.41 | M10: 69.98 | N10: 0.313 | O10: 2529810
A11: JAWA BARAT | B11: Bandung | C11: 73.16 | D11: 93.97 | E11: 6.8 | F11: 88437.96 | G11: 9.08 | H11: 72.14 | I11: 75.81 | J11: 398884 | K11: 8.3 | L11: 6.98 | M11: 63.64 | N11: 0.37 | O11: 3687250
A12: JAWA BARAT | B12: Garut | C12: 67.41 | D12: 82.78 | E12: 10.42 | F12: 42012.96 | G12: 7.83 | H12: 69.74 | I12: 73.74 | J12: 335134 | K12: 7.74 | L12: 7.6 | M12: 68.84 | N12: 0.302 | O12: 2648950
A13: JAWA BARAT | B13: Tasikmalaya | C13: 66.84 | D13: 86.64 | E13: 10.73 | F13: 26361.66 | G13: 7.73 | H13: 67.97 | I13: 71.88 | J13: 347917 | K13: 10.45 | L13: 4.17 | M13: 67.83 | N13: 0.378 | O13: 1892220
... A42: BANTEN | B42: Kota Tangerang Selatan | C42: 81.95 | D42: 93.96 | E42: 2.5 | F42: 66021.24 | G42: 11.84 | H42: 70.85 | I42: 74.62 | J42: 712717 | K42: 1.5 | L42: 6.59 | M42: 58.67 | N42: 0.359 | O42: 1378.71

Sheet 2023
A1: Provinsi | B1: Kabupaten/Kota | C1: IPM | D1: IPG | E1: PPM | F1: PDRB_ADHK | G1: RLS | H1: AHH_L | I1: AHH_P | J1: GK | K1: PKKP | L1: TPT | M1: TPAK | N1: GR | O1: JP
A2: DKI JAKARTA | B2: Kep. Seribu | C2: 73.39 | D2: 93.6 | E2: 13.13 | F2: 3305.13 | G2: 9.03 | H2: 67.68 | I2: 71.63 | J2: 743820 | K2: 3.63 | L2: 8.11 | M2: 73.7 | N2: 0.43 | O2: 28523
A3: DKI JAKARTA | B3: Kota Jakarta Selatan | C3: 86.07 | D3: 97.16 | E3: 3.1 | F3: 475806.2 | G3: 11.75 | H3: 73.03 | I3: 76.69 | J3: 891580 | K3: 2.28 | L3: 5.37 | M3: 66.05 | N3: 0.43 | O3: 2235606
A4: DKI JAKARTA | B4: Kota Jakarta Timur | C4: 84.13 | D4: 95.98 | E4: 4.2 | F4: 346508.7 | G4: 11.88 | H4: 73.38 | I4: 77.01 | J4: 669713 | K4: 3.08 | L4: 7.24 | M4: 65.11 | N4: 0.43 | O4: 3079618
A5: DKI JAKARTA | B5: Kota Jakarta Pusat | C5: 82.53 | D5: 96.28 | E5: 4.68 | F5: 506560.7 | G5: 11.54 | H5: 73.06 | I5: 76.71 | J5: 784679 | K5: 2.91 | L5: 6.42 | M5: 63.98 | N5: 0.43 | O5: 1049314
A6: DKI JAKARTA | B6: Kota Jakarta Barat | C6: 83.02 | D6: 95.39 | E6: 4.09 | F6: 363931.2 | G6: 11.23 | H6: 72.39 | I6: 76.09 | J6: 657247 | K6: 2.03 | L6: 6.39 | M6: 64.8 | N6: 0.43 | O6: 2470054
A7: DKI JAKARTA | B7: Kota Jakarta Utara | C7: 81.11 | D7: 94.03 | E7: 6.78 | F7: 364823.9 | G7: 10.84 | H7: 71.8 | I7: 75.55 | J7: 684557 | K7: 2.62 | L7: 7.05 | M7: 65.5 | N7: 0.43 | O7: 1808985
A8: JAWA BARAT | B8: Bogor | C8: 71.78 | D8: 90.2 | E8: 7.27 | F8: 176683.6 | G8: 8.37 | H8: 69.97 | I8: 73.96 | J8: 482174 | K8: 5.3 | L8: 8.47 | M8: 64.22 | N8: 0.369 | O8: 5627020
A9: JAWA BARAT | B9: Sukabumi | C9: 68.49 | D9: 88.3 | E9: 7.01 | F9: 52993.98 | G9: 7.33 | H9: 69.89 | I9: 73.88 | J9: 392705 | K9: 5.98 | L9: 7.32 | M9: 67.75 | N9: 0.355 | O9: 2802400
A10: JAWA BARAT | B10: Cianjur | C10: 66.55 | D10: 85.17 | E10: 10.22 | F10: 36339.55 | G10: 7.22 | H10: 68.87 | I10: 72.81 | J10: 437327 | K10: 7.02 | L10: 7.71 | M10: 72.31 | N10: 0.319 | O10: 2558140
A11: JAWA BARAT | B11: Bandung | C11: 73.74 | D11: 94.03 | E11: 6.4 | F11: 92830.17 | G11: 9.1 | H11: 72.5 | I11: 76.2 | J11: 426069 | K11: 5.19 | L11: 6.52 | M11: 67.1 | N11: 0.348 | O11: 3721110
A12: JAWA BARAT | B12: Garut | C12: 68.11 | D12: 83.37 | E12: 9.77 | F12: 44087.22 | G12: 7.84 | H12: 70.12 | I12: 74.12 | J12: 367681 | K12: 5.76 | L12: 7.33 | M12: 70.1 | N12: 0.361 | O12: 2683670
A13: JAWA BARAT | B13: Tasikmalaya | C13: 67.76 | D13: 87.01 | E13: 10.28 | F13: 27599.16 | G13: 7.96 | H13: 68.27 | I13: 72.21 | J13: 378958 | K13: 8.65 | L13: 3.89 | M13: 68.37 | N13: 0.404 | O13: 1907050
... A42: BANTEN | B42: Kota Tangerang Selatan | C42: 82.28 | D42: 94.23 | E42: 2.57 | F42: 69561.56 | G42: 11.85 | H42: 71.07 | I42: 75.24 | J42: 782543 | K42: 1.92 | L42: 5.81 | M42: 60.5 | N42: 0.359 | O42: 1391.65

Sheet 2024
A1: Provinsi | B1: Kabupaten/Kota | C1: IPM | D1: IPG | E1: PPM | F1: PDRB_ADHK | G1: RLS | H1: AHH_L | I1: AHH_P | J1: GK | K1: PKKP | L1: TPT | M1: TPAK | N1: GR | O1: JP
A2: DKI JAKARTA | B2: Kep. Seribu | C2: 74.17 | D2: 93.62 | E2: 13.03 | F2: 3268.5 | G2: 9.26 | H2: 67.85 | I2: 71.8 | J2: 775909 | K2: 4.39 | L2: 7.93 | M2: 8.11 | N2: 0.427 | O2: 30420
A3: DKI JAKARTA | B3: Kota Jakarta Selatan | C3: 86.94 | D3: 97.3 | E3: 3.03 | F3: 500422.7 | G3: 11.95 | H3: 73.38 | I3: 76.86 | J3: 928278 | K3: 2.45 | L3: 5.22 | M3: 5.37 | N3: 0.427 | O3: 2410000
A4: DKI JAKARTA | B4: Kota Jakarta Timur | C4: 84.65 | D4: 95.9 | E4: 4.09 | F4: 362068.1 | G4: 11.99 | H4: 73.73 | I4: 77.11 | J4: 697472 | K4: 4.38 | L4: 6.95 | M4: 7.24 | N4: 0.427 | O4: 3310000
A5: DKI JAKARTA | B5: Kota Jakarta Pusat | C5: 83.01 | D5: 96.24 | E5: 4.63 | F5: 532606.9 | G5: 11.61 | H5: 73.65 | I5: 76.94 | J5: 818722 | K5: 3.63 | L5: 6.24 | M5: 6.42 | N5: 0.427 | O5: 1100000
A6: DKI JAKARTA | B6: Kota Jakarta Barat | C6: 83.64 | D6: 95.66 | E6: 3.94 | F6: 383113.1 | G6: 11.24 | H6: 72.55 | I6: 76.28 | J6: 685071 | K6: 3.55 | L6: 6.18 | M6: 6.39 | N6: 0.427 | O6: 2610000
A7: DKI JAKARTA | B7: Kota Jakarta Utara | C7: 81.39 | D7: 94.43 | E7: 6.44 | F7: 380461.1 | G7: 10.85 | H7: 71.97 | I7: 76.04 | J7: 712835 | K7: 3.39 | L7: 6.18 | M7: 7.05 | N7: 0.427 | O7: 1870000
A8: JAWA BARAT | B8: Bogor | C8: 72.39 | D8: 90.17 | E8: 7.05 | F8: 185882.3 | G8: 8.39 | H8: 70.2 | I8: 74.21 | J8: 513512 | K8: 5.68 | L8: 7.34 | M8: 8.47 | N8: 0.398 | O8: 5682300
A9: JAWA BARAT | B9: Sukabumi | C9: 68.97 | D9: 88.59 | E9: 6.87 | F9: 55723.92 | G9: 7.34 | H9: 70.11 | I9: 74.11 | J9: 416751 | K9: 5.82 | L9: 7.11 | M9: 7.32 | N9: 0.342 | O9: 2828020
A10: JAWA BARAT | B10: Cianjur | C10: 67.24 | D10: 85.45 | E10: 10.14 | F10: 38208.18 | G10: 7.33 | H10: 69.03 | I10: 72.98 | J10: 466509 | K10: 5.37 | L10: 5.99 | M10: 7.71 | N10: 0.338 | O10: 2584990
A11: JAWA BARAT | B11: Bandung | C11: 74.27 | D11: 94.23 | E11: 6.19 | F11: 97509.91 | G11: 9.15 | H11: 72.73 | I11: 76.44 | J11: 455636 | K11: 5.8 | L11: 6.36 | M11: 6.52 | N11: 0.364 | O11: 3753120
A12: JAWA BARAT | B12: Garut | C12: 68.79 | D12: 83.5 | E12: 9.68 | F12: 46270.92 | G12: 7.85 | H12: 70.32 | I12: 74.33 | J12: 393464 | K12: 5.02 | L12: 6.96 | M12: 7.33 | N12: 0.324 | O12: 2716950
A13: JAWA BARAT | B13: Tasikmalaya | C13: 68.36 | D13: 87.1 | E13: 10.23 | F13: 28879.68 | G13: 7.97 | H13: 68.47 | I13: 72.41 | J13: 400148 | K13: 5.95 | L13: 3.74 | M13: 3.89 | N13: 0.363 | O13: 1920920
... A42: BANTEN | B42: Kota Tangerang Selatan | C42: 82.89 | D42: 94.47 | E42: 2.36 | F42: 73052.84 | G42: 11.86 | H42: 71.21 | I42: 75.52 | J42: 828278 | K42: 3.13 | L42: 5.09 | M42: 5.81 | N42: 0.395 | O42: 1399.5

Sheet PKKP
A1: Provinsi | B1: Kabupaten/Kota | C1: 2020 | D1: 2021 | E1: 2022 | F1: 2023 | G1: 2024
A2: DKI JAKARTA | B2: Kep. Seribu | C2: 2.86 | D2: 2.41 | E2: 3.91 | F2: 3.63 | G2: 4.39
A3: DKI JAKARTA | B3: Kota Jakarta Selatan | C3: 1.5 | D3: 1.63 | E3: 2.51 | F3: 2.28 | G3: 2.45
A4: DKI JAKARTA | B4: Kota Jakarta Timur | C4: 2.18 | D4: 2.24 | E4: 3.71 | F4: 3.08 | G4: 4.38
A5: DKI JAKARTA | B5: Kota Jakarta Pusat | C5: 1.97 | D5: 3.08 | E5: 3.82 | F5: 2.91 | G5: 3.63
A6: DKI JAKARTA | B6: Kota Jakarta Barat | C6: 1.78 | D6: 2 | E6: 2.8 | F6: 2.03 | G6: 3.55
A7: DKI JAKARTA | B7: Kota Jakarta Utara | C7: 2.18 | D7: 2.63 | E7: 4.78 | F7: 2.62 | G7: 3.39
A8: JAWA BARAT | B8: Bogor | C8: 4.06 | D8: 4.73 | E8: 7.03 | F8: 5.3 | G8: 5.68
A9: JAWA BARAT | B9: Sukabumi | C9: 4.89 | D9: 4.81 | E9: 7.42 | F9: 5.98 | G9: 5.82
A10: JAWA BARAT | B10: Cianjur | C10: 4.75 | D10: 6.2 | E10: 9.54 | F10: 7.02 | G10: 5.37
A11: JAWA BARAT | B11: Bandung | C11: 5.07 | D11: 5.53 | E11: 8.3 | F11: 5.19 | G11: 5.8
A12: JAWA BARAT | B12: Garut | C12: 4.06 | D12: 5 | E12: 7.74 | F12: 5.76 | G12: 5.02
... A42: BANTEN | B42: Kota Tangerang Selatan | C42: 1.51 | D42: 1.89 | E42: 1.5 | F42: 1.92 | G42: 3.13
H43: Prevalensi Ketidakcukupan Konsumsi Pangan (Persen) Per Kabupaten/kota - Tabel Statistik - Badan Pusat Statistik Indonesia

Sheet PPM
A1: Provinsi | B1: Kabupaten/Kota | C1: 2020 | D1: 2021 | E1: 2022 | F1: 2023 | G1: 2024
A2: DKI JAKARTA | B2: Kep. Seribu | C2: 14.87 | D2: 15.06 | E2: 14.11 | F2: 13.13 | G2: 13.03
A3: DKI JAKARTA | B3: Kota Jakarta Selatan | C3: 3.43 | D3: 3.56 | E3: 3.52 | F3: 3.1 | G3: 3.03
A4: DKI JAKARTA | B4: Kota Jakarta Timur | C4: 4.16 | D4: 4.28 | E4: 4.3 | F4: 4.2 | G4: 4.09
A5: DKI JAKARTA | B5: Kota Jakarta Pusat | C5: 4.51 | D5: 4.94 | E5: 4.9 | F5: 4.68 | G5: 4.63
A6: DKI JAKARTA | B6: Kota Jakarta Barat | C6: 4.25 | D6: 4.31 | E6: 4.22 | F6: 4.09 | G6: 3.94
A7: DKI JAKARTA | B7: Kota Jakarta Utara | C7: 6.78 | D7: 7.24 | E7: 7.24 | F7: 6.78 | G7: 6.44
A8: JAWA BARAT | B8: Bogor | C8: 7.69 | D8: 8.13 | E8: 7.73 | F8: 7.27 | G8: 7.05
A9: JAWA BARAT | B9: Sukabumi | C9: 7.09 | D9: 7.7 | E9: 7.34 | F9: 7.01 | G9: 6.87
A10: JAWA BARAT | B10: Cianjur | C10: 10.36 | D10: 11.18 | E10: 10.55 | F10: 10.22 | G10: 10.14
A11: JAWA BARAT | B11: Bandung | C11: 6.91 | D11: 7.15 | E11: 6.8 | F11: 6.4 | G11: 6.19
A12: JAWA BARAT | B12: Garut | C12: 9.98 | D12: 10.65 | E12: 10.42 | F12: 9.77 | G12: 9.68
... A42: BANTEN | B42: Kota Tangerang Selatan | C42: 2.29 | D42: 2.57 | E42: 2.5 | F42: 2.57 | G42: 2.36
H43: Min: | I43: =MIN(C2:C42) -> 2.29 | J43: =MIN(D2:D42) -> 2.57 | K43: =MIN(E2:E42) -> 2.5 | L43: =MIN(F2:F42) -> 2.38 | M43: =MIN(G2:G42) -> 2.34
H44: Rata-rata: | I44: =AVERAGE(C2:C42) -> 7.6356098 | J44: =AVERAGE(D2:D42) -> 8.1639024 | K44: =AVERAGE(E2:E42) -> 7.8026829 | L44: =AVERAGE(F2:F42) -> 7.4419512 | M44: =AVERAGE(G2:G42) -> 7.2541463
H45: Max: | I45: =MAX(C2:C42) -> 14.87 | J45: =MAX(D2:D42) -> 15.06 | K45: =MAX(E2:E42) -> 14.11 | L45: =MAX(F2:F42) -> 13.13 | M45: =MAX(G2:G42) -> 13.03

Sheet PDRB_ADHK
A1: Provinsi | B1: Kabupaten/Kota | C1: 2020 | D1: 2021 | E1: 2022 | F1: 2023 | G1: 2024
A2: DKI JAKARTA | B2: Kep. Seribu | C2: 3706.25 | D2: 3648.88 | E2: 3586.89 | F2: 3305.13 | G2: 3268.5
A3: DKI JAKARTA | B3: Kota Jakarta Selatan | C3: 419257.19 | D3: 429278 | E3: 451772.7 | F3: 475806.2 | G3: 500422.7
A4: DKI JAKARTA | B4: Kota Jakarta Timur | C4: 299515.16 | D4: 313816.5 | E4: 329546.3 | F4: 346508.7 | G4: 362068.1
A5: DKI JAKARTA | B5: Kota Jakarta Pusat | C5: 449518.14 | D5: 460024.3 | E5: 481954.5 | F5: 506560.7 | G5: 532606.9
A6: DKI JAKARTA | B6: Kota Jakarta Barat | C6: 316172.61 | D6: 327613.1 | E6: 345619.6 | F6: 363931.2 | G6: 383113.1
A7: DKI JAKARTA | B7: Kota Jakarta Utara | C7: 312100.58 | D7: 330883.9 | E7: 350233.7 | F7: 364823.9 | G7: 380461.1
A8: JAWA BARAT | B8: Bogor | C8: 154113.6 | D8: 159589.6 | E8: 167966.2 | F8: 176683.6 | G8: 185882.3
A9: JAWA BARAT | B9: Sukabumi | C9: 46205.28 | D9: 47935.63 | E9: 50388.72 | F9: 52993.98 | G9: 55723.92
A10: JAWA BARAT | B10: Cianjur | C10: 31792.32 | D10: 32897.53 | E10: 34556.4 | F10: 36339.55 | G10: 38208.18
A11: JAWA BARAT | B11: Bandung | C11: 81060.97 | D11: 83949.37 | E11: 88437.96 | F11: 92830.17 | G11: 97509.91
A12: JAWA BARAT | B12: Garut | C12: 38598.43 | D12: 39981.19 | E12: 42012.96 | F12: 44087.22 | G12: 46270.92
... A42: BANTEN | B42: Kota Tangerang Selatan | C42: 59531.08 | D42: 62393.12 | E42: 66021.24 | F42: 69561.56 | G42: 73052.84
H43: Min: | I43: =MIN(C2:C42) -> 3251.76 | J43: =MIN(D2:D42) -> 3365.25 | K43: =MIN(E2:E42) -> 3516.57 | L43: =MIN(F2:F42) -> 3305.13 | M43: =MIN(G2:G42) -> 3268.5
H44: Rata-rata: | I44: =AVERAGE(C2:C42) -> 90668.154 | J44: =AVERAGE(D2:D42) -> 155753.21 | K44: =AVERAGE(E2:E42) -> 156900.9 | L44: =AVERAGE(F2:F42) -> 104051.93 | M44: =AVERAGE(G2:G42) -> 109134.55
H45: Max: | I45: =MAX(C2:C42) -> 449518.14 | J45: =MAX(D2:D42) -> 2538923 | K45: =MAX(E2:E42) -> 2383665 | L45: =MAX(F2:F42) -> 506560.7 | M45: =MAX(G2:G42) -> 532606.9

Sheet PPDRB_ADHK
A1: Provinsi | B1: Kabupaten/Kota | C1: 2020 | D1: 2021 | E1: 2022 | F1: 2023 | G1: 2024
A2: DKI JAKARTA | B2: Kep. Seribu | C2: 4.94 | D2: 1.55 | E2: 1.7 | F2: 7.86 | G2: 1.11
A3: DKI JAKARTA | B3: Kota Jakarta Selatan | C3: 0.49 | D3: 2.29 | E3: 5.24 | F3: 5.32 | G3: 5.17
A4: DKI JAKARTA | B4: Kota Jakarta Timur | C4: 4.47 | D4: 4.77 | E4: 5.02 | F4: 5.15 | G4: 4.49
A5: DKI JAKARTA | B5: Kota Jakarta Pusat | C5: 0.86 | D5: 2.33 | E5: 4.78 | F5: 5.11 | G5: 5.14
A6: DKI JAKARTA | B6: Kota Jakarta Barat | C6: 0.86 | D6: 3.61 | E6: 5.5 | F6: 5.3 | G6: 5.27
A7: DKI JAKARTA | B7: Kota Jakarta Utara | C7: 6.22 | D7: 6.02 | E7: 5.85 | F7: 4.17 | G7: 4.29
A8: JAWA BARAT | B8: Bogor | C8: 1.76 | D8: 3.55 | E8: 5.25 | F8: 5.19 | G8: 5.21
A9: JAWA BARAT | B9: Sukabumi | C9: 0.91 | D9: 3.74 | E9: 5.12 | F9: 5.17 | G9: 5.15
A10: JAWA BARAT | B10: Cianjur | C10: 0.77 | D10: 3.48 | E10: 5.04 | F10: 5.16 | G10: 5.14
A11: JAWA BARAT | B11: Bandung | C11: 1.8 | D11: 3.56 | E11: 5.35 | F11: 4.97 | G11: 5.04
A12: JAWA BARAT | B12: Garut | C12: 1.28 | D12: 3.58 | E12: 5.08 | F12: 4.94 | G12: 4.95
... A42: BANTEN | B42: Kota Tangerang Selatan | C42: 1.01 | D42: 4.81 | E42: 5.81 | F42: 5.36 | G42: 5.02
H43: Source: https://www.bps.go.id/id/publication/2025/09/15/a1daf2f268d53d17506677ac/tinjauan-regional-berdasarkan-pdrb-kabupaten-kota-2020-2024--buku-2-pulau-jawa-bali.html
H44: Rata-rata: | I44: =AVERAGE(C2:C42) -> 1.8785366 | J44: =AVERAGE(D2:D42) -> 3.5919512 | K44: =AVERAGE(E2:E42) -> 5.0007317 | L44: =AVERAGE(F2:F42) -> 5.172439 | M44: =AVERAGE(G2:G42) -> 4.7678049

Sheet TPT
A1: Provinsi | B1: Kabupaten/Kota | C1: 2020 | D1: 2021 | E1: 2022 | F1: 2023 | G1: 2024
A2: DKI JAKARTA | B2: Kep. Seribu | C2: 7.37 | D2: 8.58 | E2: 8.47 | F2: 8.11 | G2: 7.93
A3: DKI JAKARTA | B3: Kota Jakarta Selatan | C3: 10.79 | D3: 7.33 | E3: 5.63 | F3: 5.37 | G3: 5.22
A4: DKI JAKARTA | B4: Kota Jakarta Timur | C4: 9.29 | D4: 8.23 | E4: 8.39 | F4: 7.24 | G4: 6.95
A5: DKI JAKARTA | B5: Kota Jakarta Pusat | C5: 10.97 | D5: 7.75 | E5: 5.88 | F5: 6.42 | G5: 6.24
A6: DKI JAKARTA | B6: Kota Jakarta Barat | C6: 12.27 | D6: 9.06 | E6: 7.1 | F6: 6.39 | G6: 6.18
A7: DKI JAKARTA | B7: Kota Jakarta Utara | C7: 11.79 | D7: 9.84 | E7: 8.04 | F7: 7.05 | G7: 6.18
A8: JAWA BARAT | B8: Bogor | C8: 14.29 | D8: 12.22 | E8: 10.64 | F8: 8.47 | G8: 7.34
A9: JAWA BARAT | B9: Sukabumi | C9: 9.6 | D9: 9.51 | E9: 7.77 | F9: 7.32 | G9: 7.11
A10: JAWA BARAT | B10: Cianjur | C10: 11.05 | D10: 9.32 | E10: 8.41 | F10: 7.71 | G10: 5.99
A11: JAWA BARAT | B11: Bandung | C11: 8.58 | D11: 8.32 | E11: 6.98 | F11: 6.52 | G11: 6.36
A12: JAWA BARAT | B12: Garut | C12: 8.95 | D12: 8.68 | E12: 7.6 | F12: 7.33 | G12: 6.96
... A42: BANTEN | B42: Kota Tangerang Selatan | C42: 8.48 | D42: 8.6 | E42: 6.59 | F42: 5.81 | G42: 5.09
H43: Min: | I43: =MIN(C2:C42) -> 5.08 | J43: =MIN(D2:D42) -> 3.25 | K43: =MIN(E2:E42) -> 1.56 | L43: =MIN(F2:F42) -> 1.52 | M43: =MIN(G2:G42) -> 1.58
H44: Rata-rata: | I44: =AVERAGE(C2:C42) -> 10.123171 | J44: =AVERAGE(D2:D42) -> 9.1958537 | K44: =AVERAGE(E2:E42) -> 7.8156098 | L44: =AVERAGE(F2:F42) -> 7.2041463 | M44: =AVERAGE(G2:G42) -> 6.5521951
H45: Max: | I45: =MAX(C2:C42) -> 14.29 | J45: =MAX(D2:D42) -> 13.07 | K45: =MAX(E2:E42) -> 10.78 | L45: =MAX(F2:F42) -> 10.52 | M45: =MAX(G2:G42) -> 9.18
H46: Source: | I46: Tingkat Pengangguran Terbuka Kabupaten/Kota - Tabel Statistik - Badan Pusat Statistik Provinsi Jawa Barat
I47: Tingkat Pengangguran Terbuka (TPT) Menurut Kabupaten/Kota di Provinsi Banten - Tabel Statistik - Badan Pusat Statistik Provinsi Banten
I48: Tingkat Pengangguran Terbuka (TPT) Provinsi DKI Jakarta Menurut Kabupaten/Kota - Tabel Statistik - Badan Pusat Statistik Provinsi DKI Jakarta

Sheet Bobot M
A1: Provinsi | B1: Kabupaten/Kota | D1: JP | E1: JP | F1: JP | G1: JP | H1: JP | I1: Average | J1: Bobot M
A2: DKI JAKARTA | B2: Kep. Seribu | D2: 27749 | E2: 27996 | F2: 28262 | G2: 28523 | H2: 30420 | I2: {=SUM(D2:H2/5)} -> 28590 | J2: =I2/SUM(I$2:I$42) -> 0.00047606476
A3: DKI JAKARTA | B3: Kota Jakarta Selatan | D3: 2226812 | E3: 2232442 | F3: 2234262 | G3: 2235606 | H3: 2410000 | I3: {=SUM(D3:H3/5)} -> 2267824.4 | J3: =I3/SUM(I$2:I$42) -> 0.037762549
A4: DKI JAKARTA | B4: Kota Jakarta Timur | D4: 3037139 | E4: 3051866 | F4: 3066074 | G4: 3079618 | H4: 3310000 | I4: {=SUM(D4:H4/5)} -> 3108939.4 | J4: =I4/SUM(I$2:I$42) -> 0.051768327
A5: DKI JAKARTA | B5: Kota Jakarta Pusat | D5: 1056896 | E5: 1057465 | F5: 1053482 | G5: 1049314 | H5: 1100000 | I5: {=SUM(D5:H5/5)} -> 1063431.4 | J5: =I5/SUM(I$2:I$42) -> 0.017707667
A6: DKI JAKARTA | B6: Kota Jakarta Barat | D6: 2434511 | E6: 2446687 | F6: 2458707 | G6: 2470054 | H6: 2610000 | I6: {=SUM(D6:H6/5)} -> 2483991.8 | J6: =I6/SUM(I$2:I$42) -> 0.041362048
A7: DKI JAKARTA | B7: Kota Jakarta Utara | D7: 1778981 | E7: 1788981 | F7: 1799220 | G7: 1808985 | H7: 1870000 | I7: {=SUM(D7:H7/5)} -> 1809233.4 | J7: =I7/SUM(I$2:I$42) -> 0.030126347
A8: JAWA BARAT | B8: Bogor | D8: 5409370 | E8: 5484150 | F8: 5556310 | G8: 5627020 | H8: 5682300 | I8: {=SUM(D8:H8/5)} -> 5551830 | J8: =I8/SUM(I$2:I$42) -> 0.092445981
A9: JAWA BARAT | B9: Sukabumi | D9: 2718740 | E9: 2747450 | F9: 2775310 | G9: 2802400 | H9: 2828020 | I9: {=SUM(D9:H9/5)} -> 2774384 | J9: =I9/SUM(I$2:I$42) -> 0.046197497
A10: JAWA BARAT | B10: Cianjur | D10: 2470560 | E10: 2500640 | F10: 2529810 | G10: 2558140 | H10: 2584990 | I10: {=SUM(D10:H10/5)} -> 2528828 | J10: =I10/SUM(I$2:I$42) -> 0.042108635
A11: JAWA BARAT | B11: Bandung | D11: 3616540 | E11: 3652400 | F11: 3687250 | G11: 3721110 | H11: 3753120 | I11: {=SUM(D11:H11/5)} -> 3686084 | J11: =I11/SUM(I$2:I$42) -> 0.061378618
A12: JAWA BARAT | B12: Garut | D12: 2577350 | E12: 2613530 | F12: 2648950 | G12: 2683670 | H12: 2716950 | I12: {=SUM(D12:H12/5)} -> 2648090 | J12: =I12/SUM(I$2:I$42) -> 0.04409452
A13: JAWA BARAT | B13: Tasikmalaya | D13: 1861060 | E13: 1876890 | F13: 1892220 | G13: 1907050 | H13: 1920920 | I13: {=SUM(D13:H13/5)} -> 1891628 | J13: =I13/SUM(I$2:I$42) -> 0.031498336
... A42: BANTEN | B42: Kota Tangerang Selatan | D42: 1351.31 | E42: 1365.39 | F42: 1378.71 | G42: 1391.65 | H42: 1399.5 | I42: {=SUM(D42:H42/5)} -> 1377.312 | J42: =I42/SUM(I$2:I$42) -> 2.2934232e-05
B43: 41 | J43: =SUM(J2:J42) -> 1
B51: =81.39-C44 -> 81.39

Sheet Lembar3
